,icao,iata,name,state,country,country_code,lat,lon
0,ZSNJ,NKG,Nanjing Dajiaochang Airport,,China,CN,31.7420005798,118.8619995117
1,UKCC,DOK,Donetsk Airport,,Ukraine,UA,48.073600769,37.7397003174
2,GYGM,YGM,Gimli Airport,MB,Canada,CA,50.6281013489,-97.043296814
3,SPQT,IQT,Iquitos Airport,,Peru,PE,-3.7847399712,-73.3087997437
4,SPST,TPP,Tarapoto Airport,,Peru,PE,-6.5087399483,-76.3731994629
5,KSCK,SCK,Stockton Airport,CA,United States of America,US,37.8944102777778,-121.23874
6,MMPN,UPN,Uruapan Airport,,Mexico,MX,19.3966999054,-102.0390014648
7,KDAY,DAY,Dayton Airport,OH,United States of America,US,39.9022522222222,-84.2194122222222
8,FZOA,KND,Kindu Airport,,Democratic Republic of the Congo,CD,-2.9191799164,25.9153995514
9,EGMC,SEN,Southend Municipal Airport,,United Kingdom,GB,51.5713996887,0.695555985
10,SPRU,TRU,Trujillo Airport,,Peru,PE,-8.081410408,-79.1088027954
11,xxxx,YBM,Bronson Creek Airport,BC,Canada,CA,55.73842,-120.18551
12,UESO,CKH,Chokurdah Airport,,Russia,RU,70.6231002808,147.9019927979
13,FNUE,LUO,Luena Airport,,Angola,AO,-11.7680997849,19.8976993561
14,MMUN,CUN,Cancún Airport,,Mexico,MX,21.0365009308,-86.8770980835
15,CZVL,xxx,Edmonton/Villeneuve Airport,AB,Canada,CA,53.6674995422,-113.853996277
16,EDDK,CGN,Köln/Bonn Airport,,Germany,DE,50.8658981323,7.1427397728
17,USCC,CEK,Chelyabinsk Airport,,Russia,RU,55.3058013916,61.5032997131
18,WBGO,BKM,Ba'kelalan Airport,,Malaysia,MY,3.1500000954,115.233001709
19,LGEL,xxx,Elefsis Air Base,,Greece,GR,38.0638008118,23.5559997559
20,xxxx,xxx,Uchur,,Russia,RU,45.41621,43.42122
21,UTOD,xxx,Khorog Airport,,Tajikistan,TJ,37.502222,71.513333
22,UTTT,TAS,Tashkent Airport,,Uzbekistan,UZ,41.257900238,69.2811965942
23,xxxx,xxx,Hut Bay,,India,IN,10.93814,92.95856
24,KOKV,xxx,Winchester Regional Airport,VA,United States of America,US,39.1435277777778,-78.1444444444444
25,CZSJ,ZSJ,Sandy Lake Airport,ON,Canada,CA,53.064201355,-93.3443984985
26,OMDB,DXB,Dubai Airport,,United Arab Emirates,AE,25.2527999878,55.3643989563
27,CYUB,YUB,Tuktoyaktuk Airport,NT,Canada,CA,69.4332962036,-133.0260009766
28,LEAP,xxx,Ampuriabrava Airport,,Spain,ES,42.2599983215,3.109721899
29,CYEG,YEG,Edmonton International Airport,AB,Canada,CA,53.3097000122,-113.580001831
30,URWW,VOG,Volgograd Airport,,Russia,RU,48.7825012207,44.345500946
31,YARM,ARM,Armidale Airport,NSW,Australia,AU,-30.5280990601,151.617004395
32,xxxx,xxx,Key West Harbor,FL,United States of America,US,24.56122,-81.8014
33,KGEG,GEG,Spokane International Airport,WA,United States of America,US,47.6190277777778,-117.535222222222
34,HLLT,TIP,Tripoli International Airport,,Libya,LY,32.6635017395,13.1590003967
35,YBWP,WEI,Weipa Airport,QLD,Australia,AU,-12.6786003113,141.925003052
36,RJOB,OKJ,Okayama Airport,,Japan,JP,34.7569007874,133.854995728
37,HTDA,DAR,Dar es Salaam International Airport,,Tanzania,TZ,-6.8781099319,39.2025985718
38,SBIH,ITB,Itaituba Airport,PA,Brazil,BR,-4.2423400879,-56.0007019043
39,xxxx,xxx,Sasasama Airport,,Bolivia,BO,-16.49909,-68.13379
40,MMLC,LZC,Lázaro Cárdenas Airport,,Mexico,MX,18.0016994476,-102.221000671
41,GQNN,NKC,Nouakchott Airport,,Mauritania,MR,18.0981998444,-15.9484996796
42,KMSO,MSO,Missoula Airport,MT,United States of America,US,46.9163055555556,-114.090555555556
43,LQCO,xxx,Coralici Airport,,Bosnia and Herzegovina,BA,44.98289,15.88702
44,xxxx,xxx,Fish Egg Inlet,BC,Canada,CA,49.28514,-122.95352
45,SNOU,FEJ,Feijó Airport,AC,Brazil,BR,-8.140832901,-70.3472213745
46,UNKL,KJA,Krasnoyarsk Airport,,Russia,RU,56.1729011536,92.4933013916
47,UHMG,xxx,Chaybukha,,Russia,RU,61.8349990845,160.5480041504
48,URML,MCX,Makhachkala Airport,,Russia,RU,42.8167991638,47.6523017883
49,UEBB,BQJ,Batagay Airport,,Russia,RU,67.6480026245,134.6950073242
50,WABI,NBX,Nabire Airport,,Indonesia,ID,-3.3681800365,135.4960021973
51,KLRD,LRD,Laredo International Airport,TX,United States of America,US,27.5441944444444,-99.4615833333333
53,KBUR,BUR,Burbank/Glendale/Pasadena Airport,CA,United States of America,US,34.2006944444444,-118.358666666667
54,AYSO,SBC,Selbang Airport,,Papua New Guinea,PG,-9.45508,147.20381
55,AYTB,TBG,Tabubil Airport,,Papua New Guinea,PG,-5.2786102295,141.2259979248
56,FAJS,JNB,Johannesburg International Airport,,South Africa,ZA,-26.133667,28.242333
57,FQMA,MPM,Lourenço Marques Airport,,Mozambique,MZ,-25.9207992554,32.5726013184
58,WADB,BMU,Bima Airport,,Indonesia,ID,-8.5396499634,118.68699646
59,CYVR,YVR,Vancouver International Airport,BC,Canada,CA,49.193901062,-123.1839981079
61,FNCF,CFF,Cafunfo Airport,,Angola,AO,-8.7836103439,17.9897003174
62,KSMF,SMF,Sacramento Metropolitan Airport,CA,United States of America,US,38.6954444444444,-121.590777777778
63,URRR,ROV,Rostov Airport,,Russia,RU,47.2582015991,39.8180999756
64,CYRL,YRL,Red Lake Airport,ON,Canada,CA,51.0668983459,-93.7930984497
65,xxxx,xxx,Sibay Airport,,Russia,RU,43.44806,39.93555
66,NZAA,AKL,Auckland International Airport,,New Zealand,NZ,-37.0080986023,174.7920074463
67,xxxx,xxx,Herpuchi,,Russia,RU,52.98353,138.83361
68,FNGI,VPE,Ondjiva Airport,,Angola,AO,-17.0435009003,15.6837997437
69,MMCN,CEN,Ciudad Obregón Airport,,Mexico,MX,27.3925991058,-109.8330001831
70,KELM,ELM,Elmira Regional Airport,NY,United States of America,US,42.1598561388889,-76.8917456666667
71,OAKB,KBL,Kabul Airport,,Afghanistan,AF,34.5658988953,69.2123031616
72,WBKK,BKI,Kota Kinabalu Airport,,Malaysia,MY,5.937210083,116.0510025024
73,YSTW,TMW,Tamworth Airport,NSW,Australia,AU,-31.0839004517,150.847000122
74,xxxx,xxx,Triumph Bay,BC,Canada,CA,49.28387,-123.0458
75,USTR,TJM,Tyumen Airport,,Russia,RU,57.1896018982,65.3243026733
76,MMIO,SLW,Saltillo Airport,,Mexico,MX,25.5494995117,-100.9290008545
77,DNJO,JOS,Jos Airport,,Nigeria,NG,9.6398296356,8.8690500259
78,DBBB,COO,Cotonou Airport,,Benin,BJ,6.3572301865,2.3843500614
79,AYMD,MAG,Madang Airport,,Papua New Guinea,PG,-5.2070798874,145.789001465
80,KDSM,DSM,Des Moines Airport,IA,United States of America,US,41.5339727777778,-93.6630722222222
81,xxxx,xxx,Kuban State Farm Airport,,Russia,RU,55.75696,37.61502
82,SPGU,xxx,Bagua Airport,,Peru,PE,-5.6347222328,-78.5305557251
83,RPUY,CYZ,Cauayan Airport,,Philippines,PH,16.9298992157,121.752998352
85,CYDQ,YDQ,Dawson Creek Airport,BC,Canada,CA,55.7422981262,-120.1829986572
86,xxxx,MYX,Menyamya Airport,,Papua New Guinea,PG,-7.2116666667,146.019361111
87,EGPE,INV,Inverness Airport,,United Kingdom,GB,57.5424995422,-4.0475001335
88,ZYTL,DLC,Dalian Airport,,China,CN,38.9656982422,121.5390014648
89,DIYO,ASK,Yamoussoukro Airport,,Cote d'Ivoire,CI,6.9031701088,-5.3655800819
90,xxxx,xxx,Bosavi Airstrip,,Papua New Guinea,PG,-9.45508,147.20381
91,PAEM,EMK,Emmonak Airport,AK,United States of America,US,62.7861388888889,-164.49075
92,CYFB,YFB,Iqaluit Airport,NU,Canada,CA,63.756401062,-68.5558013916
94,xxxx,YTU,Tasu Airport,BC,Canada,CA,49.15478,-121.94969
95,xxxx,xxx,Bahía Tortugas Airfield,,Mexico,MX,27.64386,-113.39289
96,AYGA,GKA,Goroka Airport,,Papua New Guinea,PG,-6.0816898346,145.391998291
97,SEMT,MEC,Manta Airport,,Ecuador,EC,-0.9460780025,-80.6788024902
98,xxxx,xxx,Most Pyssa Airfield,,Russia,RU,55.75696,37.61502
99,PABE,BET,Bethel Airport,AK,United States of America,US,60.7785555555556,-161.837166666667
100,KEDW,EDW,Edwards Air Force Base,CA,United States of America,US,34.9080883888889,-117.885528527778
101,PASM,xxx,St. Mary's,AK,United States of America,US,62.0608308333333,-163.301836388889
103,SBMA,MAB,Marabá Airport,PA,Brazil,BR,-5.3685898781,-49.1380004883
104,LUKK,KIV,Chisinau Airport,,Moldova,MD,46.9277000427,28.9309997559
105,URMT,STW,Stavropol Airport,,Russia,RU,45.1091995239,42.1128005981
106,xxxx,NUP,Nunapitchuk Airport,AK,United States of America,US,60.90267,-162.44455
107,UBBG,KVD,Gyandzha Airport,,Azerbaijan,AZ,40.738833,46.32
108,KELP,ELP,El Paso International Airport,TX,United States of America,US,31.8073333333333,-106.376361111111
109,FZKA,BUX,Bunia Airport,,Democratic Republic of the Congo,CD,1.5657199621,30.2208003998
110,UUWV,TYA,Tula Airport,,Russia,RU,54.239,37.6
111,VTSP,HKT,Phuket International Airport,,Thailand,TH,8.1132001877,98.3169021606
112,KAHN,AHN,Athens Airport,GA,United States of America,US,33.9486402777778,-83.3259141666667
113,KMTJ,MTJ,Montrose County Airport,CO,United States of America,US,38.5098055555556,-107.89425
114,RPLL,MNL,Manila International Airport,,Philippines,PH,14.508600235,121.019996643
115,KMSL,MSL,Muscle Shoals Airport,AL,United States of America,US,34.7453055555556,-87.6102222222222
116,CYWG,YWG,Winnipeg International Airport,MB,Canada,CA,49.9099998474,-97.2398986816
117,UTDD,DYU,Dushanbe Airport,,Tajikistan,TJ,38.5433006287,68.8249969482
118,VYTD,SNW,Thandwe Airport,,Myanmar,MM,18.4606990814,94.3001022339
119,RCPO,HSZ,Hsinchu Airport,,Taiwan,TW,24.8180007935,120.9390029907
120,OAKN,KDH,Kandahar Airport,,Afghanistan,AF,31.5058002472,65.8478012085
121,SPME,TBP,Tumbes Airport,,Peru,PE,-3.5525300503,-80.381401062
122,PAMC,MCG,McGrath Airport,AK,United States of America,US,62.9527839166667,-155.607048055556
123,xxxx,ERT,Erdenet Airport,,Mongolia,MN,47.71811,107.79312
124,OMRK,RKT,Ras Al Khaimah International Airport,,United Arab Emirates,AE,25.6135005951,55.9388008118
125,VOCC,COK,Cochin Airport,,India,IN,9.9473896027,76.2731018066
126,BIKF,KEF,Keflavík International Airport,,Iceland,IS,63.9850006104,-22.6056003571
127,HUEN,EBB,Entebbe Airport,,Uganda,UG,0.0423859991,32.4435005188
128,LEMG,AGP,Málaga Airport,,Spain,ES,36.6749000549,-4.4991102219
129,SVCN,CAJ,Canaima Airport,,Venezuela,VE,6.2319889069,-62.8544311523
130,xxxx,PKJ,Playa Grande Airport,,Guatemala,GT,15.9975004196,-90.7416992188
132,EGJB,GCI,Guernsey Airport,Channel Islands,United Kingdom,GB,49.4350013733,-2.6019699574
133,xxxx,RWP,Rawalpindi,,Pakistan,PK,33.58874,73.04549
134,KMEZ,xxx,Mena Intermountain Municipal Airport,AR,United States of America,US,34.54551175,-94.2024164722222
135,CYBC,YBC,Baie Comeau Airport,QC,Canada,CA,49.1324996948,-68.2043991089
137,YHID,HID,Horn Island Airport,QLD,Australia,AU,-10.586400032,142.289993286
138,VNJL,JUM,Jumla Airport,,Nepal,NP,29.2742004395,82.1932983398
139,AYHK,HKN,Hoskins Airport,,Papua New Guinea,PG,-5.4621701241,150.4049987793
140,UKWW,VIN,Vinnitsa Airport,,Ukraine,UA,49.242531,28.613778
141,KTPH,TPH,Tonopah Airport,NV,United States of America,US,38.0598936111111,-117.086600833333
142,ZUUU,CTU,Chengdu Airport,,China,CN,30.5785007477,103.9469985962
143,CYYR,YYR,Goose Bay Airport,NL,Canada,CA,53.3191986084,-60.4258003235
144,xxxx,xxx,Ol Kiombo,,Kenya,KE,-1.28353,36.82379
145,KDFW,DFW,Dallas/Fort Worth International Airport,TX,United States of America,US,32.8972330555556,-97.0376947222222
146,xxxx,xxx,Long Haul Lake,MB,Canada,CA,50.87301,-95.38168
148,EHMZ,xxx,Midden Zeeland Airfield,,Netherlands,NL,51.5121994019,3.731110096
149,CYNL,YNL,Points North Landing Airport,SK,Canada,CA,58.2766990662,-104.0820007324
151,xxxx,xxx,Estancia Las Cruces,ER,Argentina,AR,-34.6085,-58.37344
152,PHOG,OGG,Kahului Airport,HI,United States of America,US,20.8986486111111,-156.430458611111
153,FOOL,LBV,Libreville Airport,,Gabon,GA,0.4586000144,9.4122800827
154,ZHES,ENH,Enshi Airport,,China,CN,30.3202991486,109.48500061
155,UAFM,FRU,Frunze Airport,,Kyrgyzstan,KG,43.0612983704,74.4776000977
156,VNBG,BJH,Bajhang Airport,,Nepal,NP,29.5389995575,81.1854019165
157,CYZW,YZW,Teslin Airport,YT,Canada,CA,60.1727981567,-132.7429962158
158,HECA,CAI,Cairo International Airport,,Egypt,EG,30.1219005585,31.4055995941
159,YPPH,PER,Perth Airport,WA,Australia,AU,-31.9402999878,115.9670028687
160,CYCO,YCO,Kugluktuk Airport,NU,Canada,CA,67.8167037964,-115.143997192
162,PANO,NNL,Nondalton Airport,AK,United States of America,US,59.9802302777778,-154.839174722222
163,KPWM,PWM,Portland Airport,ME,United States of America,US,43.6456435,-70.3086163611111
164,EGLK,BBS,Blackbushe Airport,,United Kingdom,GB,51.3238983154,-0.8475000262
165,SYKT,KTO,Kato Airport,,Guyana,GY,4.6491599083,-59.8321990967
166,PADU,DUT,Unalaska Airport,AK,United States of America,US,53.8989444444444,-166.545027777778
167,PANC,ANC,Anchorage International Airport,AK,United States of America,US,61.1740847222222,-149.9981375
168,SVCB,CBL,Ciudad Bolívar Airport,,Venezuela,VE,8.1221609116,-63.5369567871
169,SKYP,EYP,El Yopal Airport,,Colombia,CO,5.31911,-72.384
170,KLAX,LAX,Los Angeles International Airport,CA,United States of America,US,33.9424963888889,-118.408048611111
171,SADF,xxx,San Fernando Airport,BA,Argentina,AR,-34.4532,-58.5896
172,xxxx,xxx,Ballieston East,VIC,Australia,AU,-36.78179,145.11446
173,xxxx,xxx,Srednyaya Akhtuba Airfield,,Russia,RU,48.71649,44.86757
174,UUMU,CKL,Chkalovsky Airport,,Russia,RU,55.8782997131,38.0616989136
176,xxxx,xxx,Kama,,Democratic Republic of the Congo,CD,-3.6457,26.66279
177,GEML,MLN,Melilla Airport,,Spain,ES,35.279800415,-2.9562599659
178,KEWR,EWR,Newark International Airport,NJ,United States of America,US,40.6924798333333,-74.1686867777778
179,MMCT,CZA,Chichén Itzá Airport,,Mexico,MX,20.6413002014,-88.4461975098
180,PADL,DLG,Dillingham Municipal Airport,AK,United States of America,US,59.0446666666667,-158.5055
181,CYGO,YGO,Gods Lake Narrows Airport,MB,Canada,CA,54.5588989258,-94.4914016724
182,KPIT,PIT,Pittsburgh International Airport,PA,United States of America,US,40.4914166666667,-80.2326944444444
183,KLIT,LIT,Little Rock National Airport,AR,United States of America,US,34.7294413888889,-92.2247772222222
184,YPAD,ADL,Adelaide Airport,SA,Australia,AU,-34.9449996948,138.5310058594
186,EDWB,BRV,Bremerhaven Airport,,Germany,DE,53.506942749,8.5727777481
187,EGBB,BHX,Birmingham International Airport,,United Kingdom,GB,52.4538993835,-1.7480299473
188,MUCF,CFG,Cienfuegos Airport,,Cuba,CU,22.1499996185,-80.4141998291
189,DNPO,PHC,Port Harcourt Airport,,Nigeria,NG,5.0154900551,6.9495902061
191,FABL,BFN,Bloemfontein International Airport,,South Africa,ZA,-29.0926990509,26.302400589
193,VNJS,JMO,Jomsom Airport,,Nepal,NP,28.780426,83.723
194,xxxx,xxx,Poliny Osipenko,,Russia,RU,56.15178,40.41398
195,ZUXC,XIC,Xichang Airport,,China,CN,27.9890995026,102.1839981079
196,xxxx,xxx,Lake de l'Avion,QC,Canada,CA,45.67923,-76.20314
197,xxxx,xxx,Gohu Airstrip,,Papua New Guinea,PG,-9.45508,147.20381
198,KBTV,BTV,Burlington International Airport,VT,United States of America,US,44.471955,-73.1532761111111
199,xxxx,xxx,Borki Airport,,Russia,RU,54.88211,20.58623
200,xxxx,xxx,Larandia Air Base,,Colombia,CO,4.61496,-74.06942
201,WABQ,LII,Mulia Airport,,Indonesia,ID,-3.7094700336,137.9759979248
202,xxxx,TUY,Tulum Airport,,Mexico,MX,19.43195,-99.13315
203,KSAT,SAT,San Antonio International Airport,TX,United States of America,US,29.5339583333333,-98.4690569444444
204,UNOO,OMS,Omsk Airport,,Russia,RU,54.966999054,73.3105010986
205,CYXC,YXC,Cranbrook Airport,BC,Canada,CA,49.6108016968,-115.7819976807
206,SBLN,LIP,Lins Airport,SP,Brazil,BR,-21.6639995575,-49.7304992676
207,CYPL,YPL,Pickle Lake Airport,ON,Canada,CA,51.4463996887,-90.2142028809
208,LPFU,FNC,Funchal Airport,,Portugal,PT,32.6978988647,-16.7744998932
210,KPRC,PRC,Prescott Airport,AZ,United States of America,US,34.6548333333333,-112.419222222222
211,NZCH,CHC,Christchurch International Airport,,New Zealand,NZ,-43.4893989563,172.5319976807
212,xxxx,xxx,Maconacon Airport,,Philippines,PH,17.38769,122.2404
215,UTST,TMJ,Termez Airport,,Uzbekistan,UZ,37.2867012024,67.3099975586
216,CYPT,xxx,Pelee Island,ON,Canada,CA,41.7803993225,-82.6780014038
217,OIBK,KIH,Kish Island Airport,,Iran,IR,26.5261993408,53.9802017212
218,LWSK,SKP,Skopje Airport,,North Macedonia,MK,41.9616012573,21.6214008331
220,xxxx,xxx,Jiech,,South Sudan,SS,4.83975,31.59758
221,HSSJ,JUB,Juba Airport,,South Sudan,SS,4.872010231,31.6011009216
223,KMEM,MEM,Memphis International Airport,TN,United States of America,US,35.0424113888889,-89.9766791666667
224,FZNA,GOM,Goma Airport,,Democratic Republic of the Congo,CD,-1.6708099842,29.2385005951
226,HSOB,EBD,El Obeid Airport,,Sudan,SD,13.1532001495,30.2327003479
227,CYHZ,YHZ,Halifax International Airport,NS,Canada,CA,44.8807983398,-63.5085983276
228,xxxx,XCN,Coron Airport,,Philippines,PH,9.65657,123.8523
229,EGPO,SYY,Stornoway Airport,,United Kingdom,GB,58.2155990601,-6.3311100006
230,UNIW,xxx,Vanavara,,Russia,RU,60.3596992493,102.3239974976
231,KBGR,BGR,Bangor International Airport,ME,United States of America,US,44.8074444444444,-68.8281388888889
232,KCOU,COU,Columbia Regional Airport,MO,United States of America,US,38.8177355555556,-92.2177922222222
234,MMTO,TLC,Toluca Airport,,Mexico,MX,19.3370990753,-99.5660018921
235,SVPU,xxx,La Paragua Airport,,Venezuela,VE,6.8499999046,-63.3166656494
236,KCIC,CIC,Chico Airport,CA,United States of America,US,39.7953888888889,-121.858416666667
237,UWWW,KUF,Kuybyshev Airport,,Russia,RU,53.504901886,50.1642990112
241,UHBP,xxx,Ekimchan,,Russia,RU,53.0760993958,132.9510040283
242,DNKA,KAD,Kaduna Airport,,Nigeria,NG,10.6960000992,7.3201098442
243,DNAA,ABV,Abuja International Airport,,Nigeria,NG,9.0067901611,7.2631697655
244,KTWF,TWF,Twin Falls City County Airport,ID,United States of America,US,42.4818091666667,-114.487736111111
245,CYAZ,YAZ,Tofino Airport,BC,Canada,CA,49.0798255464,-125.775604248
246,KHLN,HLN,Helena Airport,MT,United States of America,US,46.6067222222222,-111.983277777778
247,SECU,CUE,Cuenca Airport,,Ecuador,EC,-2.8894701004,-78.9843978882
248,KTRM,TRM,Thermal Airport,CA,United States of America,US,33.6266705555556,-116.159654444444
249,xxxx,xxx,Kozlovets,,Bulgaria,BG,43.50803,25.36324
250,xxxx,xxx,Polson Airport,MT,United States of America,US,47.69388,-114.16339
251,UDYZ,EVN,Yerevan Airport,,Armenia,AM,40.1473007202,44.3959007263
252,CYVC,YVC,La Ronge Airport,SK,Canada,CA,55.1514015198,-105.2620010376
253,FPST,TMS,São Tomé Island Airport,,São Tomé and Príncipe,ST,0.3781749904,6.7121500969
254,xxxx,xxx,Taiynsha  Airport,,Kazakhstan,KZ,51.12771,71.4283
255,VNSK,SKH,Surkhet Airport,,Nepal,NP,28.5860004425,81.6360015869
256,OPMT,MUX,Multan Airport,,Pakistan,PK,30.2031993866,71.4190979004
257,OIKB,BND,Bandar Abbas Airport,,Iran,IR,27.2182998657,56.3777999878
262,LTAF,ADA,Adana Airport,,Turkey,TR,36.9822006226,35.2803993225
263,MBNC,NCA,North Caicos Airport,,Turks and Caicos Islands,TC,21.9174995422,-71.9395980835
265,xxxx,xxx,Shelter Cove Airport,CA,United States of America,US,40.02877,-124.07225
266,USRR,SGC,Surgut Airport,,Russia,RU,61.3437004089,73.401802063
268,xxxx,xxx,Walikale Airstrip,,Democratic Republic of the Congo,CD,-1.42536,28.07298
269,SPON,xxx,Orellana Airport,,Peru,PE,-6.8967499733,-75.1521987915
270,PGUM,GUM,Guam International Airport,,Guam,GU,13.4839506666667,144.797127111111
271,EIMN,IIA,Inishmaan Airport,,Ireland,IE,53.0929985046,-9.5680599213
272,FZRQ,KOO,Kongolo Airport,,Democratic Republic of the Congo,CD,-5.3944401741,26.9899997711
274,KCNO,CNO,Chino Airport,CA,United States of America,US,33.9747793055556,-117.636482833333
275,xxxx,xxx,Sentvid Pri Sticni Field Airport,,Slovenia,SI,45.95362,14.83864
276,PHNL,HNL,Honolulu International Airport,HI,United States of America,US,21.3178172222222,-157.9202275
277,FNLU,LAD,Luanda Airport,,Angola,AO,-8.8583698273,13.2312002182
278,KAUG,AUG,Augusta State Airport,ME,United States of America,US,44.3206497222222,-69.7973180555556
279,PAYA,YAK,Yakutat Airport,AK,United States of America,US,59.5033233333333,-139.660268055556
280,HTMW,MWZ,Mwanza Airport,,Tanzania,TZ,-2.4444899559,32.9327011108
283,KACY,ACY,Atlantic City International Airport,NJ,United States of America,US,39.4575833333333,-74.5771666666667
284,SBBU,BAU,Bauru Airport,SP,Brazil,BR,-22.3449993134,-49.0537986755
285,xxxx,ZMD,Sena Madureira Airport,AC,Brazil,BR,-9.06961,-68.65947
286,ORAA,IQA,Al Asad Air Base,,Iraq,IQ,33.7855987549,42.4412002563
287,HELX,LXR,Luxor Airport,,Egypt,EG,25.670999527,32.7066001892
288,UKFF,SIP,Simferopol Airport,,Russia,RU,45.0522003174,33.9751014709
290,RPUT,TUG,Tuguegarao Airport,,Philippines,PH,17.6433676823,121.733150482
293,UERL,ULK,Lensk Airport,,Russia,RU,60.7206001282,114.825996399
294,xxxx,DEK,Dekai Airport,,Indonesia,ID,-6.96568,110.37766
295,VTSG,KBV,Krabi Airport,,Thailand,TH,8.0991201401,98.9861984253
296,WMBI,TPG,Taiping Airport,,Malaysia,MY,4.867000103,100.7170028687
297,xxxx,xxx,Umgalala Airstrip,,Sudan,SD,15.58651,32.52318
298,UWUU,UFA,Ufa Airport,,Russia,RU,54.5574989319,55.8744010925
299,UERR,MJZ,Mirny Airport,,Russia,RU,62.5346984863,114.0390014648
300,YPDN,DRW,Darwin Airport,NT,Australia,AU,-12.4146995544,130.8769989014
301,OAUZ,UND,Kunduz Airport,,Afghanistan,AF,36.6651000977,68.9107971191
303,VOTV,TRV,Trivandrum Airport,,India,IN,8.4821195602,76.9200973511
304,CYKA,YKA,Kamloops Airport,BC,Canada,CA,50.7022018433,-120.4440002441
305,FZBS,xxx,Semendwa Airport,,Democratic Republic of the Congo,CD,-3.1830000877,18.0830001831
306,OPKC,KHI,Karachi International Airport,,Pakistan,PK,24.9064998627,67.1607971191
307,GMTT,TNG,Tangier Airport,,Morocco,MA,35.7268981934,-5.9168901444
308,KLGB,LGB,Long Beach Municipal Airport,CA,United States of America,US,33.8179297222222,-118.151890555556
309,ZWKL,KRL,Korla Airport,,China,CN,41.6977996826,86.1288986206
310,CYMA,YMA,Mayo Airport,YT,Canada,CA,63.6164016724,-135.8679962158
311,CYXE,YXE,Saskatoon Airport,SK,Canada,CA,52.1707992554,-106.6999969482
312,KROW,ROW,Roswell International Air Center Airport,NM,United States of America,US,33.2998696666667,-104.529397638889
313,SAZN,NQN,Neuquén Airport,NE,Argentina,AR,-38.9490013123,-68.1557006836
314,ZCFG,XPK,Pukatawagan Airport,MB,Canada,CA,55.7491989136,-101.2659988403
315,CYZF,YZF,Yellowknife Airport,NT,Canada,CA,62.4627990723,-114.4400024414
316,xxxx,xxx,Baranikovsky Airfield,,Russia,RU,45.34574,38.02615
317,PAOO,OOK,Toksook Bay Airport,AK,United States of America,US,60.5413333333333,-165.087194444444
318,WAJW,WMX,Wamena Airport,,Indonesia,ID,-4.1025099754,138.9570007324
319,xxxx,xxx,Thor Lake,NT,Canada,CA,47.12725,-81.28083
320,xxxx,OLH,Old Harbor Airport,AK,United States of America,US,57.20367,-153.3045
322,xxxx,xxx,Xakanaka Airstrip,,Botswana,BW,-24.65528,25.91903
325,VNPK,PKR,Pokhara Airport,,Nepal,NP,28.2008991241,83.9821014404
326,LEVC,VLC,Valencia Airport,,Spain,ES,39.4892997742,-0.4816249907
327,KCDC,CDC,Cedar City Airport,UT,United States of America,US,37.70097,-113.098850833333
328,UKKB,xxx,Borodyanka Airfield,,Ukraine,UA,50.64637,29.94203
329,ZWTN,HTN,Hotan Airport,,China,CN,37.0385017395,79.8648986816
330,xxxx,xxx,Bolshoe Gryzlovo Airport,,Russia,RU,54.8045,37.62952
331,EDDW,BRE,Bremen Airport,,Germany,DE,53.0475006104,8.7866697311
332,xxxx,xxx,Snow Lake Airport,MB,Canada,CA,54.87465,-100.01449
333,xxxx,xxx,Coolidge Municipal Airport,AZ,United States of America,US,33.44825,-112.07581
335,VYMD,MDL,Mandalay International Airport,,Myanmar,MM,21.7021999359,95.977897644
336,UACK,KOV,Kokshetau Airport,,Kazakhstan,KZ,53.3291015625,69.5945968628
337,FZVA,LJA,Lodja Airport,,Democratic Republic of the Congo,CD,-3.4170000553,23.4500007629
338,PAKN,AKN,King Salmon Airport,AK,United States of America,US,58.6764934722222,-156.648691
339,xxxx,xxx,Tash Kumyr Airstrip,,Kyrgyzstan,KG,41.18545,72.17616
340,FTTD,MQQ,Moundou Airport,,Chad,TD,8.6244096756,16.0713996887
341,FALA,HLA,Lanseria Airport,,South Africa,ZA,-25.9384994507,27.9260997772
342,PASX,SXQ,Soldotna Airport,AK,United States of America,US,60.4751388888889,-151.039638888889
343,BIRK,RKV,Reykjavík Domestic Airport,,Iceland,IS,64.1299972534,-21.9405994415
344,xxxx,xxx,Scott Lake Lodge,SK,Canada,CA,52.36496,-108.83378
345,SCNK,xxx,Los Pelambres Airport,,Chile,CL,-31.8730564117,-70.6183319092
346,CYAM,YAM,Sault Ste. Marie Airport,ON,Canada,CA,46.4850006104,-84.5093994141
347,TJCG,VQS,Vieques Airport,,Puerto Rico,PR,18.1348111111111,-65.4936166666667
349,MMLT,LTO,Loreto Airport,,Mexico,MX,25.989200592,-111.3479995728
350,CYXL,YXL,Sioux Lookout Airport,ON,Canada,CA,50.113899231,-91.9052963257
351,KFLL,FLL,Fort Lauderdale International Airport,FL,United States of America,US,26.0716666666667,-80.1496944444444
352,xxxx,KUY,Kamusi Airport,,Papua New Guinea,PG,-9.45508,147.20381
354,FQMA,MPM,Maputo International Airport,,Mozambique,MZ,-25.9207992554,32.5726013184
355,xxxx,xxx,Pikany Indian Airstrip,PA,Brazil,BR,-15.7783,-47.9291
356,PHLU,LUP,Kalaupapa Airport,HI,United States of America,US,21.2110402777778,-156.973597222222
357,KTUS,TUS,Tucson International Airport,AZ,United States of America,US,32.1160691666667,-110.941013888889
358,SYOC,xxx,Olive Creek Airport,,Guyana,GY,6.80858,-58.16124
361,UIII,IKT,Irkutsk Airport,,Russia,RU,52.2680015564,104.388999939
363,KHSV,HSV,Huntsville International Airport,AL,United States of America,US,34.6371969444444,-86.7750541666667
364,RCKH,KHH,Kaohsiung International Airport,,Taiwan,TW,22.5771007538,120.3499984741
365,DAAT,TMR,Tamanrasset Airport,,Algeria,DZ,22.8115005493,5.4510798454
368,SYMD,MHA,Mahdia Airport,,Guyana,GY,5.277490139,-59.1511001587
369,UAAH,BXH,Balkhash Airport,,Kazakhstan,KZ,46.8932991028,75.0049972534
370,KTMB,TMB,Miami Executive Airport,FL,United States of America,US,25.6475637222222,-80.4332246111111
372,LEZL,SVQ,Sevilla Airport,,Spain,ES,37.4179992676,-5.8931097984
374,xxxx,xxx,Kattleberg Airport,,Sweden,SE,57.98168,12.15095
375,MMQT,QRO,Querétaro Intercontinental Airport,,Mexico,MX,20.6173000336,-100.185997009
376,xxxx,xxx,Rudyerd Bay,AK,United States of America,US,58.29973,-134.40679
377,xxxx,xxx,Stancuta Airstrip,,Romania,RO,44.89654,27.8295
378,LZDB,xxx,Dubnica Airport,,Slovakia,SK,48.9968986511,18.192199707
380,EDXH,HGL,Helgoland Airfield,,Germany,DE,54.1852798462,7.9158329964
381,EGSG,xxx,Stapleford Airport,,United Kingdom,GB,51.6525001526,0.1558330059
384,KSLC,SLC,Salt Lake City International Airport,UT,United States of America,US,40.7883933333333,-111.977773333333
385,xxxx,xxx,Sterlitamark Airfield,,Russia,RU,53.63712,55.93656
387,VGCB,CXB,Cox's Bazar Airport,,Bangladesh,BD,21.4521999359,91.9638977051
389,AYTN,TKW,Tekin Airport,,Papua New Guinea,PG,-5.2436666667,142.165194444
390,OADY,DWR,Dwyer Airport,,Afghanistan,AF,36.72539,67.205
391,xxxx,xxx,Novopokrovskoye Airstrip,,Russia,RU,51.5765,43.59958
393,EGNH,BLK,Blackpool Airport,,United Kingdom,GB,53.7717018127,-3.0286099911
394,CYLW,YLW,Kelowna Airport,BC,Canada,CA,49.9561004639,-119.3779983521
395,xxxx,xxx,Dunnellon/Marion County Airport,FL,United States of America,US,29.06216,-82.36858
396,YSEN,xxx,Serpentine Airport,WA,Australia,AU,-32.3949661255,115.8709869385
397,FQBR,BEW,Beira Airport,,Mozambique,MZ,-19.7964000702,34.9076004028
398,WAKT,TMH,Tanahmerah Airport,,Indonesia,ID,-6.099219799,140.2980041504
399,PAPH,PTH,Port Heiden Airport,AK,United States of America,US,56.9591011111111,-158.633361944444
400,xxxx,EKE,Ekereku Airport,,Guyana,GY,6.80858,-58.16124
401,UHSH,OHH,Okha Airport,,Russia,RU,53.5200004578,142.88999939
402,xxxx,xxx,Chernoye Airport,,Russia,RU,43.44806,39.93555
403,KALM,ALM,Alamogordo Municipal Airport,NM,United States of America,US,32.8394166666667,-105.991138888889
404,UAAA,ALA,Almaty Airport,,Kazakhstan,KZ,43.3521003723,77.0404968262
405,FNDU,DUE,Dundo Airport,,Angola,AO,-7.4008898735,20.8185005188
406,SPCM,xxx,Contamana Airport,,Peru,PE,-7.3366699219,-74.9914016724
408,UHHY,xxx,Chumikan Airport,,Russia,RU,54.6959991455,135.2859954834
409,EDFE,xxx,Egelsbach Airfield,,Germany,DE,49.9599990845,8.6458330154
410,SKVV,VVC,Villavicencio Airport,,Colombia,CO,4.16787,-73.6138
412,xxxx,xxx,Kamako Airstrip,,Democratic Republic of the Congo,CD,-4.31047,15.28932
413,LSMO,xxx,Locarno Air Base,,Switzerland,CH,46.17064,8.8003
414,PTPN,PNI,Pohnpei Airport,,Micronesia,FM,6.98508333333333,158.209805555556
415,YCBG,xxx,Hobart Cambridge Airport,TAS,Australia,AU,-42.8266983032,147.4750061035
419,xxxx,MZN,Minj Airport,,Papua New Guinea,PG,-9.45508,147.20381
420,xxxx,xxx,Vancouver International Water Airport,BC,Canada,CA,49.9505,-119.38183
421,xxxx,xxx,Fakhrabad Airfield,,Tajikistan,TJ,38.56792,68.77152
422,xxxx,xxx,Rau Airstrip,YT,Canada,CA,47.21784,-66.21689
423,HAAX,AXU,Axum Airport,,Ethiopia,ET,14.1468000412,38.7728004456
426,FAGG,GRJ,George Airport,,South Africa,ZA,-34.0055999756,22.378900528
427,YSRI,XRH,Richmond RAAF Base,NSW,Australia,AU,-33.6006011963,150.7810058594
428,xxxx,xxx,Nazimovo Airstrip,,Russia,RU,58.6416,42.14508
429,KICT,ICT,Wichita Dwight D. Eisenhower National Airport,KS,United States of America,US,37.6499525,-97.4330427777778
430,HCMB,BIB,Baidoa Airport,,Somalia,SO,3.1022200584,43.6286010742
432,UWGB,xxx,Bolshoye Boldino Airport,,Russia,RU,55.0200004578,45.3149986267
433,xxxx,xxx,Kyren Airport,,Russia,RU,55.75696,37.61502
436,KTTD,TTD,Troutdale Airport,OR,United States of America,US,45.5493611111111,-122.40125
437,ZSGZ,KOW,Ganzhou Airport,,China,CN,25.825799942,114.912002563
438,xxxx,xxx,Pieri Airstrip,,South Sudan,SS,8.05373,32.0388
440,xxxx,xxx,Tanay Airfield,,Russia,RU,55.75696,37.61502
441,OPGT,GIL,Gilgit Airport,,Pakistan,PK,35.918800354,74.3336029053
442,KCOE,COE,Coeur d'Alene Airport/Pappy Boyington Field,ID,United States of America,US,47.7743055555556,-116.819583333333
443,EDWR,BMK,Borkum Airfield,,Germany,DE,53.5963897705,6.7091670036
446,UWKP,xxx,Menzelinsk Airport,,Russia,RU,55.29696,61.51207
448,UEEE,YKS,Yakutsk Airport,,Russia,RU,62.0932998657,129.7709960938
449,CYYZ,YYZ,Toronto International Airport,ON,Canada,CA,43.6772003174,-79.6305999756
451,ZPPP,KMG,Kunming Changshui International Airport,,China,CN,24.9923992157,102.7440032959
453,UKDE,OZH,Zaporozhye Airport,,Ukraine,UA,47.8670005798,35.315700531
454,xxxx,xxx,Kazan Airport,,Russia,RU,55.78498,49.11898
456,KOKB,OCN,Oceanside Municipal Airport,CA,United States of America,US,33.2179763888889,-117.3515075
458,xxxx,xxx,Raeford West Airport,NC,United States of America,US,35.0182,-79.18943
459,EPPT,xxx,Piotrków Trybunalski Airport,,Poland,PL,51.3830986023,19.6882991791
460,xxxx,FBS,Friday Harbor Seaplane Base,WA,United States of America,US,48.53448,-123.01648
462,KRNT,RNT,Renton Airport,WA,United States of America,US,47.4931388888889,-122.21575
464,UASS,PLX,Semipalatinsk Airport,,Kazakhstan,KZ,50.3512992859,80.2343978882
466,xxxx,xxx,Elushkino Airstrip,,Russia,RU,55.68234,38.095
467,EGGD,BRS,Bristol Airport,,United Kingdom,GB,51.3827018738,-2.7190899849
469,xxxx,xxx,Casey,QC,Canada,CA,47.88852,-74.17518
471,KEKO,EKO,Elko Airport,NV,United States of America,US,40.825,-115.791333333333
475,UTAT,TAZ,Dasoguz Airport,,Turkmenistan,TM,41.761100769,59.8266983032
476,KMIA,MIA,Miami International Airport,FL,United States of America,US,25.7953611111111,-80.2901158333333
479,VVQN,UIH,Qui Nhon Airport,,Vietnam,VN,13.9549999237,109.041999817
480,SLTR,TDD,Trinidad Airport,,Bolivia,BO,-14.8186998367,-64.9179992676
481,KBWI,BWI,Baltimore/Washington International Airport,MD,United States of America,US,39.1757283333333,-76.6689911111111
483,USKK,KVX,Kirov Airport,,Russia,RU,58.5032997131,49.3483009338
485,xxxx,WTR,White River Airport,AZ,United States of America,US,33.83486,-109.96493
486,KSAV,SAV,Savannah International Airport,GA,United States of America,US,32.1275833333333,-81.2021388888889
488,SKQU,MQU,Mariquita Airport,,Colombia,CO,5.21256,-74.8836
489,GABS,BKO,Bamako Airport,,Mali,ML,12.5334997177,-7.9499402046
490,SVCU,CUM,Cumaná Airport,,Venezuela,VE,10.4503326416,-64.1304702759
492,PAFA,FAI,Fairbanks International Airport,AK,United States of America,US,64.8153555555556,-147.856666666667
494,HASD,SXU,Soddu Airport,,Ethiopia,ET,6.8169999123,37.75
495,HKNA,NBO,Nairobi International Airport,,Kenya,KE,-1.319239974,36.9277992249
497,UTSB,BHK,Bukhara Airport,,Uzbekistan,UZ,39.7750015259,64.4832992554
498,KSEA,SEA,Seattle/Tacoma International Airport,WA,United States of America,US,47.4498888888889,-122.311777777778
499,DRRN,NIM,Niamey Airport,,Niger,NE,13.4814996719,2.1836099625
500,SKNV,NVA,Neiva Airport,,Colombia,CO,2.95015,-75.294
501,KONT,ONT,Ontario International Airport,CA,United States of America,US,34.0560141666667,-117.6011875
502,KMDT,MDT,Harrisburg International Airport,PA,United States of America,US,40.1931916666667,-76.7626191666667
503,KLAW,LAW,Lawton Municipal Airport,OK,United States of America,US,34.5677144444444,-98.4166366666667
505,xxxx,OSM,Mosul Airport,,Iraq,IQ,36.31582,43.14862
506,SADP,EPA,El Palomar Airport,BA,Argentina,AR,-34.6099,-58.6126
507,KHXD,HHH,Hilton Head Airport,SC,United States of America,US,32.224495,-80.6974008333333
508,KGLE,GLE,Gainesville Municipal Airport,TX,United States of America,US,33.6521944444444,-97.1972777777778
509,RPLP,LGP,Legazpi Airport,,Philippines,PH,13.1575,123.735
510,UIAA,HTA,Chita Airport,,Russia,RU,52.0262985229,113.3059997559
511,PAOM,OME,Nome Airport,AK,United States of America,US,64.5125555555556,-165.444388888889
512,HABD,BJR,Bahar Dar Airport,,Ethiopia,ET,11.6080999374,37.3216018677
514,CYXS,YXS,Prince George Airport,BC,Canada,CA,53.8894004822,-122.6790008545
515,ULWW,VGD,Vologda Airport,,Russia,RU,59.2825012207,39.9444007874
516,YBMA,ISA,Mount Isa Airport,QLD,Australia,AU,-20.6639003754,139.488998413
518,OLBA,BEY,Beirut International Airport,,Lebanon,LB,33.8208999634,35.4883995056
519,MMCZ,CZM,Cozumel Airport,,Mexico,MX,20.5223999023,-86.9255981445
521,CYIX,xxx,Port Radium,NT,Canada,CA,50.62209,-116.10322
522,UTAA,ASB,Ashgabat Airport,,Turkmenistan,TM,37.9868011475,58.361000061
523,PAJN,JNU,Juneau International Airport,AK,United States of America,US,58.3547118055556,-134.578470527778
524,SAHS,RDS,Rincón de Los Sauces Airport,NE,Argentina,AR,-37.3905982971,-68.9041976929
525,WBKL,LBU,Labuan Airport,,Malaysia,MY,5.3006801605,115.25
526,xxxx,xxx,Angarakan Airstrip,,Russia,RU,55.75696,37.61502
528,PACD,CDB,Cold Bay Airport,AK,United States of America,US,55.2059166666667,-162.72625
529,YMAV,AVV,Avalon Airport,VIC,Australia,AU,-38.0393981934,144.468994141
530,CYMO,YMO,Moosonee Airport,ON,Canada,CA,51.2910995483,-80.6078033447
531,LEST,SCQ,Santiago de Compostela Airport,,Spain,ES,42.8963012695,-8.415140152
534,LDSP,SPU,Split Airport,,Croatia,HR,43.538898468,16.2980003357
535,xxxx,YSX,Bella Bella/Shearwater Water Aerodrome,BC,Canada,CA,45.42178,-75.69117
539,LYBE,BEG,Beograd Airport,,Serbia,RS,44.8184013367,20.3090991974
541,UTNN,NCU,Nukus Airport,,Uzbekistan,UZ,42.4883995056,59.623298645
542,CYFB,YFB,Frobisher Bay Airport,NU,Canada,CA,63.756401062,-68.5558013916
543,ODAA,ADE,Aden International Airport,,Yemen,YE,12.8295001984,45.0288009644
544,xxxx,xxx,Forish Airstrip,,Uzbekistan,UZ,41.32569,69.24134
545,UKDD,DNK,Dnepropetrovsk Airport,,Ukraine,UA,48.3572006226,35.1006011963
546,KPHL,PHL,Philadelphia International Airport,PA,United States of America,US,39.8720838888889,-75.2406630555556
547,KMSY,MSY,New Orleans International Airport,LA,United States of America,US,29.9932777777778,-90.2590277777778
548,xxxx,xxx,Ayanka Airstrip,,Russia,RU,56.09659,37.78937
549,LBWN,VAR,Varna Airport,,Bulgaria,BG,43.2321014404,27.8250999451
551,UGSS,SUI,Sukhumi Airport,,Georgia,GE,42.8582000732,41.1281013489
552,UERT,xxx,Vitim,,Russia,RU,59.4580001831,112.56300354
553,HATP,TIE,Tippi Airport,,Ethiopia,ET,7.2024,35.415
554,PARY,RBY,Ruby Airport,AK,United States of America,US,64.7272222222222,-155.469888888889
555,xxxx,xxx,Alatna River,AK,United States of America,US,66.55811,-152.70588
556,PAIL,ILI,Iliamna Airport,AK,United States of America,US,59.7555781111111,-154.91775225
557,VYMS,MOG,Mong Hsat Airport,,Myanmar,MM,20.5167999268,99.2567977905
560,LEPA,PMI,Palma de Mallorca Airport,,Spain,ES,39.551700592,2.7388100624
562,MMPQ,PQM,Palenque Airport,,Mexico,MX,17.5333995819,-91.9844970703
563,PAPO,PHO,Point Hope Airport,AK,United States of America,US,68.3487722222222,-166.799261111111
564,WMKP,PEN,Penang International Airport,,Malaysia,MY,5.2971401215,100.2770004272
565,KSFO,SFO,San Francisco International Airport,CA,United States of America,US,37.6188055555556,-122.375416666667
566,CYIO,YIO,Pond Inlet Airport,NU,Canada,CA,72.6832962036,-77.9666976929
567,KPUB,PUB,Pueblo Memorial Airport,CO,United States of America,US,38.2899475,-104.498028055556
570,xxxx,RLD,Richland Airport,WA,United States of America,US,46.3056394444444,-119.304189444444
571,CYYC,YYC,Calgary International Airport,AB,Canada,CA,51.113899231,-114.0199966431
572,DNSO,SKO,Sokoto Airport,,Nigeria,NG,12.9162998199,5.2071900368
574,KLFT,LFT,Lafayette Regional Airport,LA,United States of America,US,30.2050277777778,-91.98775
575,KMOB,MOB,Mobile Municipal Airport,AL,United States of America,US,30.6914166666667,-88.2428333333333
578,RPVM,CEB,Cebu Airport,,Philippines,PH,10.3074998856,123.9789962769
579,VYPP,PPU,Papun Airport,,Myanmar,MM,18.0666999817,97.449798584
580,FVKB,KAB,Kariba Airport,,Zimbabwe,ZW,-16.5198001862,28.8850002289
581,xxxx,xxx,Yablunivka Airstrip,,Ukraine,UA,50.45047,32.15689
584,HEAX,ALY,Alexandria Airport,,Egypt,EG,31.1839008331,29.9489002228
586,UESS,CYX,Cherskiy Airport,,Russia,RU,68.7406005859,161.3379974365
588,UTSS,SKD,Samarkand Airport,,Uzbekistan,UZ,39.7005004883,66.9838027954
589,MBSC,XSC,South Caicos International Airport,,Turks and Caicos Islands,TC,21.5156993866,-71.528503418
590,xxxx,xxx,Molodezhnaya Ice Station,,Antarctica,AQ,-80.41318,20.67103
591,UUOB,EGO,Belgorod Airport,,Russia,RU,50.6437988281,36.5900993347
592,LFCR,RDZ,Rodez Airport,,France,FR,44.4079017639,2.4826700687
594,NZGS,GIS,Gisborne Airport,,New Zealand,NZ,-38.6632995605,177.9779968262
596,UWGG,GOJ,Gorkiy Airport,,Russia,RU,56.2300987244,43.7840003967
597,UNII,EIE,Yeniseysk Airport,,Russia,RU,58.4742012024,92.1125030518
599,KSJC,SJC,San Jose Municipal Airport,CA,United States of America,US,37.3629947222222,-121.928620555556
601,KCAK,CAK,Akron/Canton Regional Airport,OH,United States of America,US,40.9150555555556,-81.4436388888889
602,UUOO,VOZ,Voronezh Airport,,Russia,RU,51.814201355,39.229598999
603,UOOO,NSK,Noril'sk Airport,,Russia,RU,69.3110961914,87.3321990967
604,CWOB,xxx,Brevoort Island Airstrip,NU,Canada,CA,45.42178,-75.69117
605,CYQQ,YQQ,Comox Airport,BC,Canada,CA,49.7108001709,-124.8870010376
608,AYKM,KMA,Kerema Airport,,Papua New Guinea,PG,-7.9636101723,145.770996094
609,xxxx,VUS,Velikij Ustyug Airport,,Russia,RU,60.7882995605,46.2599983215
610,SAWG,RGL,Río Gallegos Internacional Airport,SC,Argentina,AR,-51.6089,-69.3126
611,OEJD,JED,Jeddah International Airport,,Saudi Arabia,SA,21.679599762,39.15650177
614,SPCL,PCL,Pucallpa Airport,,Peru,PE,-8.3779401779,-74.5743026733
615,FTTJ,NDJ,N'Djamena Airport,,Chad,TD,12.1337003708,15.0340003967
616,ZUGY,KWE,Guiyang Airport,,China,CN,26.5384998322,106.8010025024
618,MUVR,VRA,Varadero Airport,,Cuba,CU,23.0344009399,-81.4353027344
619,KPBI,PBI,West Palm Beach International Airport,FL,United States of America,US,26.6831616666667,-80.0955919444444
620,FNUB,SDD,Lubango Airport,,Angola,AO,-14.9246997833,13.5749998093
621,UTDL,LBD,Leninabad Airport,,Tajikistan,TJ,40.2154006958,69.6947021484
622,KBAK,CLU,Columbus Municipal Airport,IN,United States of America,US,39.261915,-85.8963388888889
623,MMEP,TPQ,Tepic Airport,,Mexico,MX,21.419500351,-104.8430023193
624,PATG,TOG,Togiak Village Airport,AK,United States of America,US,59.0535555555556,-160.396777777778
625,OERY,RUH,Riyadh International Airport,,Saudi Arabia,SA,24.7098007202,46.7252006531
626,BIBK,BJD,Bakkafjördur Airport,,Iceland,IS,66.0218963623,-14.8243999481
627,OEDR,DHA,Dhahran International Airport,,Saudi Arabia,SA,26.2653999329,50.1520004272
630,MMPS,PXM,Puerto Escondido Airport,,Mexico,MX,15.8768997192,-97.0891036987
631,xxxx,xxx,Severomuysk,,Russia,RU,56.17471,113.5783
632,PAPN,PIP,Pilot Point Airport,AK,United States of America,US,57.5803805555556,-157.571956944444
633,KSBA,SBA,Santa Barbara Municipal Airport,CA,United States of America,US,34.4261913611111,-119.841492694444
634,PAEN,ENA,Kenai Airport,AK,United States of America,US,60.5732777777778,-151.244833333333
635,PADQ,ADQ,Kodiak Airport,AK,United States of America,US,57.7497938888889,-152.493943611111
636,HCMM,MGQ,Mogadishu International Airport,,Somalia,SO,2.0144400597,45.3046989441
637,xxxx,xxx,Penonomé,,Panama,PA,8.51403,-80.35455
638,SHCR,LGR,Cochrane Airport,,Chile,CL,-47.2438011169,-72.5884017944
640,EHRD,RTM,Rotterdam Airport,,Netherlands,NL,51.9569015503,4.4372200966
643,ENBV,BVG,Berlevåg Airport,,Norway,NO,70.8713989258,29.0342006683
644,EDMO,OBF,Oberpfaffenhofen Airport,,Germany,DE,48.081401825,11.2831001282
645,KTEB,TEB,Teterboro Airport,NJ,United States of America,US,40.8501111111111,-74.0608333333333
646,xxxx,MKX,Mukalla Airport,,Yemen,YE,14.54555,49.1281
647,LHBS,xxx,Budaörs Airport,,Hungary,HU,47.4510993958,18.9806003571
648,SWEI,ERN,Eirunepé Airport,AM,Brazil,BR,-6.6395301819,-69.8797988892
649,RPMJ,JOL,Jolo Airport,,Philippines,PH,6.0536699295,121.0110015869
650,SEZP,xxx,Zumba Airport,,Ecuador,EC,-4.82328,-79.27759
651,SBTU,TUR,Tucurui Airport,PA,Brazil,BR,-3.7860100269,-49.7202987671
652,KSAF,SAF,Santa Fe Airport,NM,United States of America,US,35.6171111111111,-106.089416666667
656,OARG,URZ,Uruzgan Airport,,Afghanistan,AF,33.22818,66.9678
657,SVMI,CCS,Caracas Airport,,Venezuela,VE,10.6031169891,-66.9905853271
658,UGSP,xxx,Poti Airport,,Georgia,GE,42.1629024102,41.7058074474
660,URMN,NAL,Nalchik Airport,,Russia,RU,43.5129013062,43.6366004944
663,YWDH,WNR,Windorah Airport,QLD,Australia,AU,-25.4130992889,142.6670074463
664,CYBL,YBL,Campbell River Airport,BC,Canada,CA,49.9508018494,-125.2710037231
666,RCFN,TTT,Taitung Airport,,Taiwan,TW,22.7549991608,121.1019973755
667,SBCG,CGR,Campo Grande Internacional Airport,MS,Brazil,BR,-20.4687004089,-54.6725006104
668,xxxx,xxx,Lonkin,,Myanmar,MM,19.72682,96.07529
670,DNMM,LOS,Lagos/Ikeja International Airport,,Nigeria,NG,6.5773701668,3.321160078
671,CYEV,YEV,Inuvik/Mike Zubko Airport,NT,Canada,CA,68.3041992188,-133.483001709
673,YBTL,TSV,Townsville Airport,QLD,Australia,AU,-19.2525005341,146.7649993896
675,NSTU,PPG,Pago Pago International Airport,,American Samoa,AS,-14.3316622222222,-170.711503055556
676,EGNX,EMA,East Midlands Airport,,United Kingdom,GB,52.8311004639,-1.3280600309
678,EPOP,xxx,Opole/Polska Nowa Wies Airport,,Poland,PL,50.6333007812,17.7817001343
679,CZFN,ZFN,Tulita Airport,NT,Canada,CA,64.9096984863,-125.5729980469
680,CYAY,YAY,St. Anthony Airport,NL,Canada,CA,51.3918991089,-56.0830993652
681,URKK,KRR,Krasnodar Airport,,Russia,RU,45.0346984863,39.170501709
682,SELO,LOH,Loja Airport,,Ecuador,EC,-3.9958899021,-79.3719024658
684,UUBA,KMW,Kostroma Airport,,Russia,RU,57.7969017029,41.0194015503
685,KJAX,JAX,Jacksonville International Airport,FL,United States of America,US,30.4940455555556,-81.6878466666667
690,xxxx,xxx,Ridgeland Airport,SC,United States of America,US,32.49436,-80.98997
691,GATB,TOM,Tombouctou Airport,,Mali,ML,16.7304992676,-3.0075800419
692,KLWT,LWT,Lewistown Municipal Airport,MT,United States of America,US,47.04925,-109.466694444444
693,KBNA,BNA,Nashville Metropolitan Airport,TN,United States of America,US,36.124475,-86.6781805555556
694,UTSL,KSQ,Karshi Airport,,Uzbekistan,UZ,38.8335990906,65.9215011597
698,xxxx,xxx,Jenkinsburg,GA,United States of America,US,33.32404,-84.03474
699,UGKO,KUT,Kutaisi Airport,,Georgia,GE,42.176700592,42.4826011658
702,KMMU,MMU,Morristown Municipal Airport,NJ,United States of America,US,40.7993383333333,-74.4148886111111
704,UWKS,CSY,Cheboksary Airport,,Russia,RU,56.0903015137,47.3473014832
705,PAAQ,PAQ,Palmer Municipal Airport,AK,United States of America,US,61.5949166666667,-149.088722222222
706,xxxx,xxx,Snegamook Lake,NL,Canada,CA,54.1105,-112.47574
707,UGGG,TBS,Tbilisi Airport,,Georgia,GE,41.6692008972,44.95470047
709,UWPP,PEZ,Penza Airport,,Russia,RU,53.1105995178,45.0210990906
710,KBYG,BYG,Buffalo Municipal Airport,WY,United States of America,US,44.3810833333333,-106.721805555556
714,FLBA,MMQ,Mbala Airport,,Zambia,ZM,-8.85916996,31.3363990784
715,OPLA,LHE,Lahore Airport,,Pakistan,PK,31.5216007233,74.4036026001
716,xxxx,SSB,Christiansted Harbor Seaplane Base,Saint Croix,U.S. Virgin Islands,VI,17.74672,-64.70418
717,xxxx,xxx,Elyria Airport,OH,United States of America,US,41.62239,-83.63362
718,NFNS,SVU,Savusavu Airport,,Fiji,FJ,-16.8027992249,179.341003418
719,CYSN,YCM,St. Catharines Airport,ON,Canada,CA,43.1916999817,-79.1716995239
720,KPIH,PIH,Pocatello Airport,ID,United States of America,US,42.9097925,-112.595918888889
721,CYTL,YTL,Big Trout Airport,ON,Canada,CA,53.8177986145,-89.8968963623
724,VYHH,HEH,Heho Airport,,Myanmar,MM,20.7469997406,96.7919998169
725,KHWD,HWD,Hayward Air Terminal,CA,United States of America,US,37.6589285277778,-122.121737166667
726,VTSS,HDY,Hat Yai Airport,,Thailand,TH,6.9332098961,100.392997742
729,KRIU,xxx,Rancho Murieta,CA,United States of America,US,38.4867777777778,-121.102777777778
730,EGNV,MME,Teesside International Airport,,United Kingdom,GB,54.5092010498,-1.4294099808
731,KOAK,OAK,Oakland International Airport,CA,United States of America,US,37.72125,-122.221138888889
733,CYYE,YYE,Fort Nelson Airport,BC,Canada,CA,58.8363990784,-122.5970001221
735,NZWN,WLG,Wellington International Airport,,New Zealand,NZ,-41.3272018433,174.804992676
736,CYBD,QBC,Bella Coola Airport,BC,Canada,CA,52.3875007629,-126.5960006714
740,USNN,NJC,Nizhnevartovsk Airport,,Russia,RU,60.9492988586,76.4835968018
741,EDDV,HAJ,Hannover Airport,,Germany,DE,52.461101532,9.6850795746
745,xxxx,xxx,Muya Airport,,Russia,RU,68.78489,32.7596
746,PHTO,ITO,Hilo International Airport,HI,United States of America,US,19.720263,-155.048470138889
747,ENNM,OSY,Namsos Airport,,Norway,NO,64.4721984863,11.5785999298
749,EKBI,BLL,Billund Airport,,Denmark,DK,55.7402992249,9.1517801285
750,SARE,RES,Resistencia Airport,CH,Argentina,AR,-27.45,-59.0561
751,VYMK,MYT,Myitkyina Airport,,Myanmar,MM,25.383600235,97.3518981934
752,LFSB,BSL,Basel/Mulhouse Airport,,France,FR,47.5895996094,7.5299100876
755,BGBW,UAK,Narsarsuaq Airport,,Greenland,GL,61.1604995728,-45.4259986877
756,OPBW,BHV,Bahawalpur Airport,,Pakistan,PK,29.3481006622,71.7180023193
757,UIKK,KCK,Kirensk Airport,,Russia,RU,57.7729988098,108.0640029907
758,UEKK,xxx,Zhigansk Airport,,Russia,RU,53.21378,34.1832
761,PASI,SIT,Sitka Airport,AK,United States of America,US,57.0468343611111,-135.361068694444
762,KJAC,JAC,Jackson Hole Airport,WY,United States of America,US,43.6073333333333,-110.73775
764,UEST,IKS,Tiksi Airport,,Russia,RU,71.6977005005,128.9029998779
765,xxxx,xxx,Linfen Air Base,,China,CN,39.90657,116.38765
767,CYTS,YTS,Timmins Airport,ON,Canada,CA,48.5696983337,-81.376701355
768,xxxx,xxx,Hamada al Hamra Airfield,,Libya,LY,32.89534,13.18104
770,xxxx,WFB,Ketchikan Harbor Seaplane Base,AK,United States of America,US,56.01194,-132.82861
772,CYHD,YHD,Dryden Municipal Airport,ON,Canada,CA,49.8316993713,-92.7442016602
774,KSMO,SMO,Santa Monica Airport,CA,United States of America,US,34.0158219444444,-118.451306111111
775,LRBO,xxx,Boboc Air Base,,Romania,RO,45.19704,26.97426
778,CYVB,YVB,Bonaventure Airport,QC,Canada,CA,48.0710983276,-65.4602966309
779,HCMH,HGA,Hargeisa Airport,,Somalia,SO,9.5181703568,44.0887985229
780,UHMI,xxx,Mys Shmidta Airport,,Russia,RU,68.8683013916,-179.3730010986
782,LGTS,SKG,Thessaloniki International Airport,,Greece,GR,40.5196990967,22.9708995819
783,NZWF,WKA,Wanaka Airport,,New Zealand,NZ,-44.7221984863,169.2460021973
784,SVPR,PZO,Puerto Ordaz Airport,,Venezuela,VE,8.2885303497,-62.7603988647
786,KORL,ORL,Orlando Executive Airport,FL,United States of America,US,28.5454616666667,-81.33293
788,KTPA,TPA,Tampa International Airport,FL,United States of America,US,27.9754722222222,-82.53325
789,xxxx,xxx,Uncertain,TX,United States of America,US,32.70703,-94.12094
791,UWLL,ULV,Ulyanovsk/Baratayevka Airport,,Russia,RU,54.2682991028,48.2266998291
793,ENTC,TOS,Tromsø/Langnes Airport,,Norway,NO,69.6832962036,18.9188995361
794,USPP,PEE,Perm Airport,,Russia,RU,57.9145011902,56.0211982727
795,UADD,DMB,Dzhambul Airport,,Kazakhstan,KZ,42.8535995483,71.3035964966
796,FZSA,KMN,Kamina Airport,,Democratic Republic of the Congo,CD,-8.6420202255,25.2528991699
797,KBID,BID,Block Island Airport,RI,United States of America,US,41.1681111111111,-71.5778333333333
799,KDEN,DEN,Denver International Airport,CO,United States of America,US,39.8616666666667,-104.673166666667
803,YBPN,PPP,Prosperine Airport,QLD,Australia,AU,-20.4950008392,148.552001953
805,xxxx,xxx,Thistle Lake,NT,Canada,CA,45.42178,-75.69117
806,MKJP,KIN,Kingston Airport,,Jamaica,JM,17.9356994629,-76.7874984741
807,KABQ,ABQ,Albuquerque International Airport,NM,United States of America,US,35.0389315555556,-106.608262166667
810,CYDP,YDP,Nain Airport,NL,Canada,CA,56.5491981506,-61.6803016663
811,SEMC,XMS,Macas Airport,,Ecuador,EC,-2.2991700172,-78.1207962036
812,SBUR,UBA,Uberaba Airport,MG,Brazil,BR,-19.7647228241,-47.9661102295
813,xxxx,YTC,Sturdee Airport,BC,Canada,CA,49.15478,-121.94969
814,NTMN,HIX,Hiva Oa Airport,,French Polynesia,PF,-9.7687902451,-139.0110015869
816,CYRC,xxx,Chicoutimi St Honoré Airport,QC,Canada,CA,48.5208015442,-71.0505981445
817,SPBL,BLP,Bellavista Airport,,Peru,PE,-7.0605602264,-76.5821990967
819,USHU,URJ,Uraj Airport,,Russia,RU,60.1032981873,64.8266983032
820,DNKN,KAN,Kano International Airport,,Nigeria,NG,12.0475997925,8.5246200562
821,PAKT,KTN,Ketchikan International Airport,AK,United States of America,US,55.3540833333333,-131.711222222222
822,WAOS,SMQ,Sampit Airport,,Indonesia,ID,-2.4991900921,112.9749984741
823,WBGZ,BBN,Bario Airport,,Malaysia,MY,3.7338900566,115.4789962769
825,WAOP,PKY,Palangkaraya Airport,,Indonesia,ID,-2.2251300812,113.9430007935
826,URWI,ESL,Elista Airport,,Russia,RU,46.3739013672,44.3308982849
827,UUWR,RZN,Ryazan Airport,,Russia,RU,54.5559005737,39.8552017212
831,RCLY,KYD,Orchid Island Airport,,Taiwan,TW,22.0270004272,121.5350036621
833,xxxx,xxx,Perris Valley Airport,CA,United States of America,US,33.8648,-117.25618
834,SKCL,CLO,Cali Airport,,Colombia,CO,3.54322,-76.3816
835,KSBM,SBM,Sheboygan Memorial Airport,WI,United States of America,US,43.7697777777778,-87.8517222222222
836,UOII,IAA,Igarka Airport,,Russia,RU,67.4372024536,86.6219024658
0,ZSAM,XMN,Xiamen Airport,,China,CN,24.5440006256,118.1279983521
1,UUBI,IWA,Ivanovo Airport,,Russia,RU,56.9393997192,40.9407997131
3,SPEE,xxx,El Estrecho Airport,,Peru,PE,-2.4540600777,-72.6706008911
6,xxxx,AZG,Apatzingan Airport,,Mexico,MX,19.08721,-102.35482
9,EGPF,GLA,Glasgow International Airport,,United Kingdom,GB,55.8718986511,-4.4330601692
10,SPJI,JJI,Juanjuí Airport,,Peru,PE,-7.1690998077,-76.7285995483
11,PAWG,WRG,Wrangell Airport,AK,United States of America,US,56.4843333333333,-132.369833333333
13,FNCT,CBT,Catumbela Airport,,Angola,AO,-12.4792003632,13.4869003296
16,EDDN,NUE,Nürnberg Airport,,Germany,DE,49.4986991882,11.0669002533
17,USCM,MQF,Magnitogorsk Airport,,Russia,RU,53.3931007385,58.7556991577
18,WBGM,MUR,Marudi Airport,,Malaysia,MY,4.1789798737,114.3290023804
20,UEEA,ADH,Aldan Airport,,Russia,RU,58.6027984619,125.408996582
23,VOPB,IXZ,Port Blair Airport,,India,IN,11.6412000656,92.7296981812
24,KPHF,PHF,Newport News/Williamsburg International Airport,VA,United States of America,US,37.1318888888889,-76.4929722222222
26,OIKK,KER,Kerman Airport,,Iran,IR,30.2744007111,56.9510993958
29,CYLJ,YLJ,Meadow Lake Airport,SK,Canada,CA,54.1253013611,-108.5230026245
32,KEYW,EYW,Key West International Airport,FL,United States of America,US,24.5561197222222,-81.7599558333333
33,KPDX,PDX,Portland International Airport,OR,United States of America,US,45.5887088611111,-122.596869416667
35,YAUR,AUU,Aurukun Mission Airport,QLD,Australia,AU,-13.3538999557,141.720993042
36,RJBH,HIW,Hiroshima West Airport,,Japan,JP,34.3669013977,132.4140014648
37,HRYR,KGL,Kigali Airport,,Rwanda,RW,-1.9686299563,30.1394996643
38,SBEK,JCR,Jacareacanga Airport,PA,Brazil,BR,-6.2331600189,-57.7769012451
39,SLSB,SRJ,San Borja Airport,,Bolivia,BO,-14.8591995239,-66.7375030518
41,GQND,TIY,Tidjikja Airport,,Mauritania,MR,18.5701007843,-11.423500061
43,LDPL,PUY,Pula Airport,,Croatia,HR,44.8935012817,13.9222002029
44,xxxx,xxx,Pruth Bay,BC,Canada,CA,48.42855,-123.36446
45,SBTK,TRQ,Tarauacá Airport,AC,Brazil,BR,-8.1552600861,-70.7833023071
46,UNIT,xxx,Tura,,Russia,RU,64.3335113525,100.4328918457
47,xxxx,PVX,Provedenia Airport,,Russia,RU,55.75696,37.61502
49,UEBW,xxx,Verkhoyansk Airport,,Russia,RU,67.5430984497,133.3988037109
50,xxxx,OBD,Obano Airport,,Indonesia,ID,-6.96568,110.37766
51,xxxx,xxx,Fresnillo,,Mexico,MX,23.17464,-102.86813
52,SPOA,SQU,Saposoa Airport,,Peru,PE,-6.9600300789,-76.7684020996
54,xxxx,BVP,Bolovip Airport,,Papua New Guinea,PG,-9.45508,147.20381
56,FADN,DUR,Durban International Airport,,South Africa,ZA,-29.9701004028,30.9505004883
58,WATG,RTG,Ruteng Airport,,Indonesia,ID,-8.5970096588,120.4769973755
59,CZMT,ZMT,Masset Airport,BC,Canada,CA,54.0275001526,-132.125
60,UNAA,ABA,Abakan Airport,,Russia,RU,53.7400016785,91.3850021362
62,KRNO,RNO,Reno/Tahoe International Airport,NV,United States of America,US,39.4991111111111,-119.768111111111
66,NZPM,PMR,Palmerston North Airport,,New Zealand,NZ,-40.3205986023,175.6170043945
67,xxxx,xxx,Oktyabrsky Airfield,,Russia,RU,54.48372,53.47851
70,KMKC,MKC,Kansas City Downtown Municipal Airport,MO,United States of America,US,39.1229444444444,-94.5928333333333
71,OAJL,JAA,Jalalabad Airport,,Afghanistan,AF,34.3997993469,70.4985961914
72,WBKW,TWU,Tawau Airport,,Malaysia,MY,4.3201599121,118.1279983521
76,MMPG,PDS,Piedras Negras Airport,,Mexico,MX,28.6273994446,-100.5350036621
78,FKKD,DLA,Douala Airport,,Cameroon,CM,4.0060801506,9.7194795609
79,xxxx,BNT,Bundi Airport,,Papua New Guinea,PG,-9.45508,147.20381
80,KEGV,EGV,Eagle River Airport,WI,United States of America,US,45.9323333333333,-89.2682777777778
83,RPLL,MNL,Manila Airport,,Philippines,PH,14.508600235,121.019996643
84,HTMG,xxx,Morogoro Airport,,Tanzania,TZ,-6.7972202301,37.6530990601
85,CYVT,YVT,Buffalo Narrows Airport,SK,Canada,CA,55.8418998718,-108.417999268
86,AYMW,MWG,Marawaka Airport,,Papua New Guinea,PG,-9.45508,147.20381
87,EGET,LWK,Lerwick/Tingwall Airport,Shetland Islands,United Kingdom,GB,60.192199707,-1.2436100245
88,ZYCH,CNI,Changhai Airport,,China,CN,39.2666666667,122.666944444
90,AYMN,MDU,Mendi Airport,,Papua New Guinea,PG,-6.1477398872,143.6569976807
91,PANI,ANI,Aniak Airport,AK,United States of America,US,61.5814052777778,-159.545298055556
92,xxxx,xxx,Markham Bay,NU,Canada,CA,43.85651,-79.33982
94,xxxx,xxx,Alliford Bay,BC,Canada,CA,53.21079,-131.98583
95,MMES,ESE,Ensenada Airport,,Mexico,MX,31.79529953,-116.6029968262
96,xxxx,xxx,Kainantu Airstrip,,Papua New Guinea,PG,-6.32635,145.89504
98,xxxx,xxx,Koslan Airfield,,Russia,RU,63.45648,48.89456
99,PAGG,KWK,Kwigillingok Airport,AK,United States of America,US,59.8756888888889,-163.1680875
102,DNYO,YOL,Yola Airport,,Nigeria,NG,9.2575502396,12.4303998947
103,SBCJ,CKS,Carajás Airport,PA,Brazil,BR,-6.1152777672,-50.0013885498
105,LTCG,TZX,Trabzon Airport,,Turkey,TR,40.995098114,39.7896995544
109,FZIA,FKI,Kisangani Airport,,Democratic Republic of the Congo,CD,0.5174999833,25.1550006866
110,xxxx,xxx,Shakhty Airport,,Russia,RU,47.71214,40.20864
111,VTSR,UNN,Ranong Airport,,Thailand,TH,9.7776203156,98.5855026245
112,KDNN,DNN,Dalton Municipal Airport,GA,United States of America,US,34.7229388888889,-84.8702413888889
113,KPGA,PGA,Page Airport,AZ,United States of America,US,36.9260694444444,-111.448350555556
114,RPVB,BCD,Bacolod Airport,,Philippines,PH,10.7763996124,123.0149993896
115,KJAN,JAN,Jackson International Airport,MS,United States of America,US,32.3111666666667,-90.0758888888889
116,CZGR,ZGR,Little Grand Rapids Airport,MB,Canada,CA,52.0456008911,-95.4657974243
117,OMSJ,SHJ,Sharjah Airport,,United Arab Emirates,AE,25.3285999298,55.51720047
118,VYKP,KYP,Kyaukpyu Airport,,Myanmar,MM,19.426399231,93.5347976685
121,SPUR,PIU,Piura Airport,,Peru,PE,-5.2057499886,-80.6164016724
122,PAGA,GAL,Galena Airport,AK,United States of America,US,64.7361897222222,-156.934554722222
123,ZMMN,MXV,Moron Airport,,Mongolia,MN,49.6632995605,100.0989990234
124,UKON,NLV,Nikolaev Airport,,Ukraine,UA,47.0578994751,31.9197998047
125,VOTV,TRV,Thiruvananthapuram International Airport,,India,IN,8.4821195602,76.9200973511
126,CYQX,YQX,Gander International Airport,NL,Canada,CA,48.9369010925,-54.5680999756
127,HUKS,KSE,Kasese Airport,,Uganda,UG,0.1829999983,30.1000003815
130,MGQZ,AAZ,Quetzaltenango Airport,,Guatemala,GT,14.8655996323,-91.5019989014
131,CYYJ,YYJ,Victoria International Airport,BC,Canada,CA,48.646900177,-123.4260025024
134,KTXK,TXK,Texarkana Municipal Airport,AR,United States of America,US,33.4537222222222,-93.9910277777778
135,CYXK,YXK,Rimouski Airport,QC,Canada,CA,48.478099823,-68.4969024658
137,YCCT,CNC,Coconut Island Airport,QLD,Australia,AU,-10.0500001907,143.0700073242
138,VNNG,KEP,Nepalganj Airport,,Nepal,NP,28.1035995483,81.6669998169
139,xxxx,KDR,Kandrian Airport,,Papua New Guinea,PG,-6.2659,149.5581
141,KBIH,BIH,Bishop Airport,CA,United States of America,US,37.3731111111111,-118.363611111111
142,ZSWZ,WNZ,Wenzhou Yongqiang Airport,,China,CN,27.9122009277,120.8519973755
143,xxxx,YDI,Davis Inlet Airport,NL,Canada,CA,43.79422,-79.76422
144,xxxx,xxx,Mara Shika Airstrip,,Kenya,KE,-1.03986,37.10548
149,CWJC,xxx,Ennadai Lake Airport,NU,Canada,CA,61.1333333333,-100.9
150,EYVI,VNO,Vilnius Airport,,Lithuania,LT,54.6341018677,25.2858009338
152,PHMK,MKK,Molokai/Kaunakakai Airport,HI,United States of America,US,21.1528858333333,-157.096256111111
153,FOOD,MFF,Moanda Airport,,Gabon,GA,-1.5329999924,13.2670001984
154,ZHHH,WUH,Wuhan Tianhe International Airport,,China,CN,30.7838001251,114.2080001831
156,VNDH,DHI,Dhangadhi Airport,,Nepal,NP,28.7532997131,80.5819015503
157,CYDL,YDL,Dease Lake Airport,BC,Canada,CA,58.4221992493,-130.0319976807
158,OBBI,BAH,Bahrain International Airport,,Bahrain,BH,26.2707996368,50.6335983276
159,YLEO,LNO,Leonora Airport,WA,Australia,AU,-28.8780994415,121.3150024414
161,LEBA,ODB,Córdoba Airport,,Spain,ES,37.841999054,-4.8488798141
163,xxxx,xxx,Rangeley Municipal Airport,ME,United States of America,US,44.31804,-69.77631
168,SVMG,PMV,Porlamar Airport,,Venezuela,VE,10.9126033783,-63.9665985107
169,SKMU,MVP,Mitú Airport,,Colombia,CO,1.25366,-70.2339
170,KASE,ASE,Aspen Airport,CO,United States of America,US,39.2218888888889,-106.868222222222
171,SAVT,REL,Trelew Airport,CB,Argentina,AR,-43.2105,-65.2703
176,FZOE,xxx,Kampene Airport,,Democratic Republic of the Congo,CD,-3.5829999447,26.7000007629
181,CZTM,ZTM,Shamattawa Airport,MB,Canada,CA,55.8656005859,-92.0813980103
182,KBCT,BCT,Boca Raton Public Airport,FL,United States of America,US,26.3784855555556,-80.1076963888889
183,KEKY,xxx,Bessemer Airport,AL,United States of America,US,33.3126111111111,-86.9263055555556
184,YMTG,MGB,Mount Gambier Airport,SA,Australia,AU,-37.7456016541,140.7850036621
185,FZNP,BNC,Beni Airport,,Democratic Republic of the Congo,CD,0.5749999881,29.4738998413
186,EDWG,AGE,Wangerooge Airfield,,Germany,DE,53.7827796936,7.9138889313
188,MUCC,CCC,Cayo Coco/Jardines del Rey Airport,,Cuba,CU,22.4610004425,-78.3283996582
189,DNCA,CBQ,Calabar Airport,,Nigeria,NG,4.9760198593,8.3472003937
190,WABT,EWI,Enarotali Airport,,Indonesia,ID,-3.9258999825,136.3769989014
194,xxxx,xxx,Ayan Airport,,Russia,RU,53.21378,34.1832
196,xxxx,xxx,Aguanish River,QC,Canada,CA,50.22842,-62.1056
198,KPVD,PVD,Providence Airport,RI,United States of America,US,41.7223333333333,-71.4277222222222
202,MMCM,CTM,Chetumal Airport,,Mexico,MX,18.504699707,-88.3267974854
206,SDCO,SOD,Sorocaba Airport,SP,Brazil,BR,-23.4780006409,-47.4900016785
207,xxxx,SUR,Summer Beaver Airport,ON,Canada,CA,52.7085990906,-88.5419006348
209,KDRT,DRT,Del Rio International Airport,TX,United States of America,US,29.3742069444444,-100.927156944444
210,KSBD,SBD,San Bernardino International Airport,CA,United States of America,US,34.0953611111111,-117.234888888889
214,HLKF,AKF,Kufrah Airport,,Libya,LY,24.1786994934,23.313999176
216,CYQG,YQG,Windsor Airport,ON,Canada,CA,42.2756004333,-82.9555969238
218,LQMO,OMO,Mostar Airport,,Bosnia and Herzegovina,BA,43.2829017639,17.8458995819
219,SVUQ,xxx,Uonquen Airport,,Venezuela,VE,4.9833331108,-61.7283325195
220,xxxx,xxx,Ayod Airstrip,,South Sudan,SS,8.12408,31.41513
222,FOON,MVB,Franceville/Mvengue Airport,,Gabon,GA,-1.656159997,13.4379997253
223,KCVG,CVG,Cincinnati/Northern Kentucky Airport,KY,United States of America,US,39.0488375,-84.6678208333333
225,PAUN,UNK,Unalakleet Airport,AK,United States of America,US,63.8885,-160.799111111111
227,LEZG,ZAZ,Zaragoza Airport,,Spain,ES,41.6661987305,-1.0415500402
228,RPVP,PPS,Puerto Princesa Airport,,Philippines,PH,9.7421197891,118.7590026855
231,KMHT,MHT,Manchester Municipal Airport,NH,United States of America,US,42.9328055555556,-71.43575
233,xxxx,xxx,Wobagen Airstrip,,Papua New Guinea,PG,-9.45508,147.20381
234,MMIA,CLQ,Colima Airport,,Mexico,MX,19.2770004272,-103.577003479
237,UKCW,VSG,Voroshilovgrad Airport,,Ukraine,UA,48.4174003601,39.3740997314
240,CYYD,YYD,Smithers Airport,BC,Canada,CA,54.8246994019,-127.1829986572
241,xxxx,xxx,Udskoye Airstrip,,Russia,RU,54.5098,134.41178
244,KTRK,TKF,Truckee Airport,CA,United States of America,US,39.3200555555556,-120.139583333333
246,KBTM,BTM,Butte Airport,MT,United States of America,US,45.9548055555556,-112.497472222222
251,URSS,AER,Adler/Sochi Airport,,Russia,RU,43.4499015808,39.9566001892
257,OIMM,MHD,Mashhad Airport,,Iran,IR,36.2351989746,59.6409988403
259,WABL,ILA,Ilaga Airport,,Indonesia,ID,-3.8332800865,137.5829925537
261,xxxx,xxx,Sandy Bay Airport,SK,Canada,CA,55.52634,-102.31393
262,ORBD,xxx,Balad Air Base,,Iraq,IQ,33.9402008057,44.3615989685
263,MBJT,GDT,Grand Turk Island Airport,,Turks and Caicos Islands,TC,21.4444999695,-71.1423034668
266,UWWW,KUF,Samara Airport,,Russia,RU,53.504901886,50.1642990112
267,SYKO,xxx,Kopinang Airfield,,Guyana,GY,6.80858,-58.16124
269,SPPH,xxx,Pampa Hermosa Airport,,Peru,PE,-7.1999998093,-75.3000030518
271,EICA,xxx,Connemara Airport,,Ireland,IE,53.2303009033,-9.4677801132
273,HUMI,KCU,Masindi Airport,,Uganda,UG,1.7580599785,31.736700058
274,KVIS,VIS,Visalia Airport,CA,United States of America,US,36.3186388888889,-119.392861111111
275,LJMB,MBX,Maribor Airport,,Slovenia,SI,46.4799003601,15.6861000061
276,PHLI,LIH,Kauai Island/Lihue Airport,HI,United States of America,US,21.9759833333333,-159.338957777778
277,FNHU,NOV,Huambo Airport,,Angola,AO,-12.8088998795,15.7604999542
278,KLNK,LNK,Lincoln Municipal Airport,NE,United States of America,US,40.8508888888889,-96.7591111111111
281,LTAI,AYT,Antalya Airport,,Turkey,TR,36.8987007141,30.8005008698
283,KOWA,OWA,Owatonna Airport,MN,United States of America,US,44.1229518055556,-93.2588264166667
285,SBRB,RBR,Rio Branco Airport,AC,Brazil,BR,-9.868888855,-67.8980560303
286,ORBI,BGW,Baghdad International Airport,,Iraq,IQ,33.2625007629,44.2346000671
288,UKFK,KHC,Kerch Airport,,Ukraine,UA,45.3725013733,36.4014015198
295,VTSM,USM,Koh Samui Airport,,Thailand,TH,9.5477895737,100.06199646
298,UWSS,RTW,Saratov Airport,,Russia,RU,51.5649986267,46.0466995239
302,xxxx,xxx,Sorochinskiy Airstrip,,Kazakhstan,KZ,47.10485,51.94295
303,VOMD,IXM,Madurai Airport,,India,IN,9.8345098496,78.0933990479
305,FZBO,FDU,Bandundu Airport,,Democratic Republic of the Congo,CD,-3.3113200665,17.3817005157
306,OIZH,ZAH,Zahedan Airport,,Iran,IR,29.4757003784,60.9062004089
307,GMMZ,OZZ,Ouarzazate Airport,,Morocco,MA,30.9391002655,-6.909430027
310,xxxx,xxx,Rackla Airstrip,YT,Canada,CA,52.61469,-121.51616
313,SAVC,CRD,Comodoro Rivadavia Airport,CB,Argentina,AR,-45.7853,-67.4655
314,CYQD,YQD,The Pas/Grace Lake Airport,MB,Canada,CA,53.9714012146,-101.091003418
315,CYRB,YRB,Resolute Airport,NU,Canada,CA,74.7169036865,-94.9693984985
318,xxxx,xxx,Kenyam Airstrip,,Indonesia,ID,-6.17148,106.82648
319,xxxx,xxx,Yellowknife Waterdrome,NT,Canada,CA,62.45446,-114.37094
321,CYLK,YSG,Lutsel K'e Airport,NT,Canada,CA,62.4183006287,-110.6819992065
322,xxxx,xxx,Pom Pom Camp Airstrip,,Botswana,BW,-24.65528,25.91903
324,WAYB,ZGP,Bilogai/Sugapa Airport,,Indonesia,ID,-3.73931,137.03201
326,LEIB,IBZ,Ibiza Airport,,Spain,ES,38.8728981018,1.3731199503
329,ZWWW,URC,Urumqi Airport,,China,CN,43.9071006775,87.4741973877
333,xxxx,xxx,Libby Airport,MT,United States of America,US,48.27037,-115.47597
334,CYSK,YSK,Sanikiluaq Airport,NU,Canada,CA,56.5377998352,-79.2466964722
341,FBFT,FRW,Francistown Airport,,Botswana,BW,-21.1595993042,27.4745006561
342,xxxx,xxx,Bear Mountain Lodge Airstrip,AK,United States of America,US,41.31454,-73.98846
343,BIAR,AEY,Akureyri Airport,,Iceland,IS,65.6600036621,-18.0727005005
344,xxxx,xxx,Ivanhoe Lake,NT,Canada,CA,45.42178,-75.69117
345,SCVM,KNA,Viña del Mar Airport,,Chile,CL,-32.9496002197,-71.4785995483
347,TJCP,CPX,Culebra Airport,,Puerto Rico,PR,18.3129488888889,-65.3038802777778
348,WBKT,KUD,Kudat Airport,,Malaysia,MY,6.9225001335,116.8359985352
349,MMDA,CUA,Ciudad Constitución Airport,,Mexico,MX,25.0538005829,-111.6149978638
352,xxxx,xxx,Purari Airstrip,,Papua New Guinea,PG,-6.66696,146.99706
353,PASM,KSM,Saint Mary's Airport,AK,United States of America,US,62.0608308333333,-163.301836388889
355,SJNP,NPR,Novo Progresso Airport,PA,Brazil,BR,-7.1258330345,-55.4008331299
358,SYIB,IMB,Imbaimadai Airport,,Guyana,GY,5.7081098557,-60.2942008972
361,UIBB,BTK,Bratsk Airport,,Russia,RU,56.3706016541,101.6979980469
362,SUCM,xxx,Carmelo/Zagarzazú International Airport,,Uruguay,UY,-33.9661102295,-58.3252792358
363,KBHM,BHM,Birmingham Airport,AL,United States of America,US,33.5638888888889,-86.7523055555556
364,RCQC,MZG,Magong Airport,,Taiwan,TW,23.5687007904,119.6279983521
366,xxxx,xxx,Panyagor Airstrip,,South Sudan,SS,4.83975,31.59758
367,xxxx,xxx,La Centella,,Venezuela,VE,9.84801,-64.75758
368,SYKU,xxx,Karisparu Airport,,Guyana,GY,6.80858,-58.16124
369,xxxx,xxx,Shatyrkul Mine,,Kazakhstan,KZ,51.12771,71.4283
370,MBPV,PLS,Providenciales International Airport,,Turks and Caicos Islands,TC,21.7735996246,-72.2658996582
373,FNLB,xxx,Lobito Airport,,Angola,AO,-12.3711996078,13.5366001129
374,EYKL,KLJ,Klaipeda Airport,,Lithuania,LT,55.7118988037,21.2427997589
381,EGVN,BZZ,Brize Norton RAF Station,,United Kingdom,GB,51.75,-1.5836199522
382,FACT,CPT,Cape Town International Airport,,South Africa,ZA,-33.9648017883,18.6016998291
383,xxxx,YAX,Angling Lake/Wapekeka Airport,ON,Canada,CA,53.8492012024,-89.5793991089
385,UWOR,OSW,Orsk Airport,,Russia,RU,51.0724983215,58.5956001282
387,VGJR,JSR,Jessore Airport,,Bangladesh,BD,23.1837997437,89.1607971191
389,AYKI,UNG,Kiunga Airport,,Papua New Guinea,PG,-6.1257100105,141.2819976807
390,UTAM,MYP,Mary Airport,,Turkmenistan,TM,37.6194000244,61.8967018127
394,CYBW,xxx,Calgary/Springbank Airport,AB,Canada,CA,51.103099823,-114.374000549
397,FVMU,UTA,Mutare Airfield,,Zimbabwe,ZW,-18.9974994659,32.6272010803
398,WAJO,OKL,Oksibil Airport,,Indonesia,ID,-5.0910601616,140.6100006104
399,PAPE,KPV,Perryville Airport,AK,United States of America,US,55.9067236111111,-159.160829166667
400,SYET,xxx,Eteringbang Airport,,Guyana,GY,6.80858,-58.16124
401,xxxx,xxx,Tsimmermanovka Airstrip,,Russia,RU,51.34152,139.24557
404,UAII,CIT,Shymkent Airport,,Kazakhstan,KZ,42.364200592,69.4788970947
408,UHNX,xxx,Nelkan Airport,,Russia,RU,43.44806,39.93555
409,EDNY,FDH,Friedrichshafen Airport,,Germany,DE,47.6712989807,9.5114898682
411,VNST,IMK,Simikot Airport,,Nepal,NP,29.9710998535,81.818901062
412,xxxx,xxx,Nsumbula Airstrip,,Democratic Republic of the Congo,CD,-4.31047,15.28932
413,LSMD,xxx,Dübendorf Air Base,,Switzerland,CH,47.398601532,8.648229599
414,PTKK,TKK,Chuuk/Weno International Airport,,Micronesia,FM,7.46189083333333,151.843017222222
415,YBHB,xxx,Bathurst Harbour Airport,TAS,Australia,AU,-43.4207000732,146.1560058594
416,xxxx,YLE,Whatì/Lac La Martre Airport,NT,Canada,CA,63.1316986084,-117.2460021973
420,xxxx,YHC,Hakai Pass Seaplane Base,BC,Canada,CA,48.94706,-125.55883
423,HAGN,GDQ,Gondar Airport,,Ethiopia,ET,12.519900322,37.4339981079
425,UACC,NQZ,Nursultan Nazarbayev International Airport,,Kazakhstan,KZ,51.0222015381,71.4669036865
429,KHYS,HYS,Hays Municipal Airport,KS,United States of America,US,38.8422222222222,-99.2731666666667
430,xxxx,xxx,Bardale Airstrip,,Somalia,SO,7.06583,47.87116
431,YBAS,ASP,Alice Springs Airport,NT,Australia,AU,-23.8066997528,133.9019927979
434,HSWW,WUU,Wau Airport,,South Sudan,SS,7.7258300781,27.9750003815
435,CYYT,YYT,St. John's Airport,NL,Canada,CA,47.618598938,-52.7518997192
436,KBOI,BOI,Boise Air Terminal,ID,United States of America,US,43.5643611111111,-116.222861111111
438,xxxx,xxx,Yuai Airstrip,,South Sudan,SS,4.83975,31.59758
443,EDWY,NRD,Norderney Airfield,,Germany,DE,53.706943512,7.2300000191
444,UITK,xxx,Kazachinskoye Airport,,Russia,RU,56.2801513672,107.567565918
447,HSMB,xxx,Maban Airstrip,,South Sudan,SS,4.83975,31.59758
450,FZMW,xxx,Shabunda Airport,,Democratic Republic of the Congo,CD,-2.6830000877,27.3330001831
451,ZGGG,CAN,Guangzhou Baiyun International Airport,,China,CN,23.3924007416,113.2990036011
452,KBYI,BYI,Burley Municipal Airport,ID,United States of America,US,42.5426111111111,-113.771527777778
453,UKLU,UDJ,Uzhgorod Airport,,Ukraine,UA,48.6343002319,22.2633991241
457,LCNC,NIC,Nicosia Airport,,Cyprus,CY,35.17197,33.36489
461,HTBU,BKZ,Bukoba Airport,,Tanzania,TZ,-1.332,31.8212
464,UAKK,KGF,Karaganda Airport,,Kazakhstan,KZ,49.6707992554,73.3343963623
466,USHK,xxx,Kondinskoye Airport,,Russia,RU,59.6550827026,67.4300460815
472,LYPG,TGD,Titograd Airport,,Montenegro,ME,42.3594017029,19.2518997192
474,UHMM,GDX,Magadan Airport,,Russia,RU,59.9109992981,150.7200012207
475,xxxx,xxx,Darvaza Airport,,Turkmenistan,TM,40.0687,53.10512
479,VVDN,DAD,Da Nang Airport,,Vietnam,VN,16.0438995361,108.1989974976
480,SLOR,ORU,Oruro Airport,,Bolivia,BO,-17.962600708,-67.0762023926
481,KATL,ATL,Atlanta Municipal Airport,GA,United States of America,US,33.6366996111111,-84.427864
483,USHS,OVS,Sovetsky Airport,,Russia,RU,61.3266220093,63.6019134521
484,URMM,MRV,Mineralnye Vody Airport,,Russia,RU,44.2251014709,43.0819015503
492,PABT,BTT,Bettles Airport,AK,United States of America,US,66.9139444444445,-151.529055555556
493,CYOX,YOX,Rea Point Airfield,NT,Canada,CA,48.40658,-123.3503
494,HABE,BEI,Beica Airport,,Ethiopia,ET,9.3863897324,34.521900177
498,KOKH,ODW,Oak Harbor Airport,WA,United States of America,US,48.2515277777778,-122.673666666667
499,DXXX,LFW,Lome Airport,,Togo,TG,6.1656098366,1.2545100451
500,SKFL,FLA,Florencia Airport,,Colombia,CO,1.58919,-75.5644
503,KUTS,HTV,Huntsville Airport,TX,United States of America,US,30.7468888888889,-95.5871666666667
504,xxxx,xxx,Happy Valley Camp,AK,United States of America,US,59.94958,-151.72986
506,SAZS,BRC,San Carlos de Bariloche International Airport,RN,Argentina,AR,-41.1511993408,-71.1575012207
507,KJAN,JAN,Jackson Municipal Airport,MS,United States of America,US,32.3111666666667,-90.0758888888889
508,KRKW,RKW,Rockwood Municipal Airport,TN,United States of America,US,35.9223333333333,-84.6897777777778
510,UIUB,xxx,Bagdarin Airport,,Russia,RU,54.3692016602,113.4789962769
511,PAGM,GAM,Gambell Airport,AK,United States of America,US,63.7666163888889,-171.732783888889
512,HADM,DBM,Debre Markos Airport,,Ethiopia,ET,10.3500003815,37.716999054
513,CYER,YER,Fort Severn Airport,ON,Canada,CA,56.018901825,-87.6761016846
515,ULNN,NVR,Novgorod Airport,,Russia,RU,58.52339,31.27008
516,YBCS,CNS,Cairns Airport,QLD,Australia,AU,-16.885799408,145.755004883
517,UKHH,HRK,Kharkov Airport,,Ukraine,UA,49.9248008728,36.2900009155
519,MMMX,MEX,Mexico City International Airport,,Mexico,MX,19.4363002777,-99.0720977783
524,SAZW,CUT,Cutral Airport,NE,Argentina,AR,-38.9397010803,-69.2646026611
526,UIUN,xxx,Nizhneangarsk Airport,,Russia,RU,55.8008003235,109.5950012207
527,xxxx,xxx,Cheremshan Airstrip,,Russia,RU,54.65355,51.50009
528,PADU,DUT,Dutch Harbor Naval Air Station,AK,United States of America,US,53.8989444444444,-166.545027777778
530,xxxx,xxx,Timmins/Porcupine Lake Water Aerodrome,ON,Canada,CA,48.49434,-81.15988
535,xxxx,xxx,Babine Lake,BC,Canada,CA,54.82236,-126.78958
538,CYXT,YXT,Terrace Airport,BC,Canada,CA,54.46849823,-128.5760040283
539,LQSA,SJJ,Sarajevo Airport,,Bosnia and Herzegovina,BA,43.8246002197,18.3314990997
542,CYZG,YZG,Salluit Airport,QC,Canada,CA,62.1794013977,-75.6671981812
543,ODSY,GXF,Sayun Airport,,Yemen,YE,15.9660997391,48.7882995605
545,UKCM,MPW,Zhdanov Airport,,Ukraine,UA,47.0760993958,37.4496002197
546,KRDG,RDG,Reading Municipal Airport/Spaatz Field,PA,United States of America,US,40.3784986111111,-75.9652472222222
548,UHPT,xxx,Tilichiki,,Russia,RU,60.3828010559,166.0260009766
551,UKKG,KGO,Kirovograd Airport,,Ukraine,UA,48.5428009033,32.2849998474
553,HAJM,JIM,Jimma Airport,,Ethiopia,ET,7.6660900116,36.8166007996
554,xxxx,xxx,Colorado Creek,AK,United States of America,US,63.15202,-149.40966
557,VYKG,KET,Keng Tung Airport,,Myanmar,MM,21.3015995026,99.6360015869
560,EDDF,FRA,Frankfurt International Airport,,Germany,DE,50.0264015198,8.543129921
562,MMSC,SZT,San Cristóbal de las Casas Airport,,Mexico,MX,16.6902999878,-92.5300979614
563,PAOT,OTZ,Kotzebue Airport,AK,United States of America,US,66.8848055555556,-162.598138888889
564,WMKK,KUL,Kuala Lumpur Subang International Airport,,Malaysia,MY,2.745579958,101.7099990845
566,CYSR,YSR,Nanisivik Airport,NU,Canada,CA,73.03552,-84.53044
568,xxxx,xxx,Tanunak,AK,United States of America,US,58.29973,-134.40679
569,SKSV,SVI,San Vicente Airport,,Colombia,CO,2.15217,-74.7663
574,KTUL,TUL,Tulsa International Airport,OK,United States of America,US,36.1983936111111,-95.8881055555556
575,KPNS,PNS,Pensacola Regional Airport,FL,United States of America,US,30.4734166666667,-87.1866111111111
579,VYBG,BPE,Bagan Airport,,Myanmar,MM,21.1788005829,94.9301986694
580,FVHA,HRE,Salisbury Airport,,Zimbabwe,ZW,-17.9318008423,31.0928001404
582,KSAN,SAN,San Diego International Airport,CA,United States of America,US,32.7335627777778,-117.189663333333
584,xxxx,xxx,Um Barka Oil Field Airstrip,,Egypt,EG,30.04427,31.23525
586,UESU,xxx,Zyryanka Airport,,Russia,RU,65.7367019653,150.705001831
590,xxxx,xxx,Mawson Station,,Antarctica,AQ,-80.41318,20.67103
595,KSMX,xxx,Santa Maria Airport,CA,United States of America,US,34.8999444444444,-120.458083333333
596,EVLA,LPX,Liepaya Airport,,Latvia,LV,56.5175018311,21.0969009399
597,UNIB,BKT,Baykit Airport,,Russia,RU,61.676700592,96.3550033569
598,MYBS,BIM,Bimini International Airport,,Bahamas,BS,25.6998996735,-79.2647018433
602,LUKK,KIV,Kishinev Airport,,Moldova,MD,46.9277000427,28.9309997559
605,CYZT,YZT,Port Hardy Airport,BC,Canada,CA,50.6805992126,-127.3669967651
608,AYKT,KZF,Kaintiba Airport,,Papua New Guinea,PG,-7.50025,146.033833333
610,SAWO,USH,Ushuaia Airport,TF,Argentina,AR,-54.8227,-68.3043
613,PASH,SHH,Shishmaref Airport,AK,United States of America,US,66.2495833333333,-166.089361111111
614,SPEP,xxx,Puerto Esperanza Airport,,Peru,PE,-9.7681303024,-70.7064971924
615,FKKN,NGE,N'Gaoundéré Airport,,Cameroon,CM,7.3570098877,13.5592002869
616,ZGCS,CSX,Changsha Datuopu Airport,,China,CN,28.1891994476,113.2200012207
620,xxxx,JMB,Jamba Airport,,Angola,AO,-8.81567,13.23287
623,MMGL,GDL,Guadalajara International Airport,,Mexico,MX,20.5217990875,-103.3109970093
626,BIEG,EGS,Egilsstadir Airport,,Iceland,IS,65.2833023071,-14.4013996124
628,OPPS,PEW,Peshawar Airport,,Pakistan,PK,33.9939002991,71.5146026611
629,xxxx,xxx,Lazo Airfield,,Russia,RU,55.75696,37.61502
630,MMOX,OAX,Oaxaca Airport,,Mexico,MX,16.9999008179,-96.726600647
635,PAVC,KVC,King Cove Airport,AK,United States of America,US,55.1163841666667,-162.266535555556
637,xxxx,xxx,Coclecito,,Panama,PA,8.80706,-80.55725
638,SCOH,xxx,Villa O'Higgins Airport,,Chile,CL,-48.4692115784,-72.5643157959
639,UHBE,xxx,Zeya Airport,,Russia,RU,53.6904983521,127.0907974243
640,EHEH,EIN,Eindhoven Airport,,Netherlands,NL,51.4500999451,5.3745298386
642,xxxx,ICO,Sicogon Island Airport,,Philippines,PH,14.60487,120.98627
643,ENMR,MEH,Mehamn Airport,,Norway,NO,71.0297012329,27.8267002106
645,KMCO,MCO,Orlando International Airport,FL,United States of America,US,28.4293888888889,-81.309
647,LHDK,xxx,Dunakeszi Airport,,Hungary,HU,47.613899231,19.1432991028
648,SBTT,TBT,Tabatinga Internacional Airport,AM,Brazil,BR,-4.2556700706,-69.935798645
649,RPMZ,ZAM,Zamboanga Airport,,Philippines,PH,6.9224200249,122.0599975586
651,SBPV,PVH,Porto Velho Airport,RO,Brazil,BR,-8.7092895508,-63.9023017883
653,UTAK,KRW,Krasnovodsk Airport,,Turkmenistan,TM,40.0633010864,53.0071983337
657,SVBM,BRM,Barquisimeto Airport,,Venezuela,VE,10.0427465439,-69.3586196899
659,PAFM,ABL,Ambler Airport,AK,United States of America,US,67.1062005555555,-157.857155833333
660,UDSG,LWN,Leninakan Airport,,Armenia,AM,40.7504005432,43.8592987061
662,DGCY,CKY,Conakry Airport,,Guinea,GN,9.57689,-13.612
663,YTWB,TWB,Toowoomba Airport,QLD,Australia,AU,-27.5428009033,151.9160003662
665,OMAA,AUH,Abu Dhabi International Airport,,United Arab Emirates,AE,24.4330005646,54.6511001587
667,SBAU,ARU,Araçatuba Airport,SP,Brazil,BR,-21.1413002014,-50.4247016907
669,CYLH,YLH,Lansdowne House Airport,ON,Canada,CA,52.1955986023,-87.9341964722
670,DNEN,ENU,Enugu Airport,,Nigeria,NG,6.4742698669,7.5619602203
671,CYPC,YPC,Paulatuk Airport,NT,Canada,CA,69.3608381154,-124.075469971
672,USII,IJK,Izhevsk Airport,,Russia,RU,56.8280982971,53.4575004578
675,xxxx,TAV,Tau Airport,,American Samoa,AS,-14.3366,-170.72583
676,EGGP,LPL,Liverpool International Airport,,United Kingdom,GB,53.3335990906,-2.8497200012
677,AYTE,TFM,Telefomin Airstrip,,Papua New Guinea,PG,-5.1260804642,141.641921997
679,CYWJ,YWJ,Fort Franklin Airport,NT,Canada,CA,65.2110977173,-123.4359970093
688,ZSTN,TNA,Jinan Airport,,China,CN,36.8572006226,117.216003418
690,KMIV,MIV,Millville Airport,NJ,United States of America,US,39.3678055555556,-75.0722222222222
691,GAMB,MZI,Mopti Airport,,Mali,ML,14.5128002167,-4.079559803
693,KIND,IND,Indianapolis International Airport,IN,United States of America,US,39.7173055555556,-86.2946388888889
696,PAGK,GKN,Gulkana Airport,AK,United States of America,US,62.1543347222222,-145.455291666667
697,OAFR,FAH,Farah Airport,,Afghanistan,AF,32.3670005798,62.1829986572
701,PAVA,VAK,Chevak Airport,AK,United States of America,US,61.5408333333333,-165.600888888889
703,xxxx,xxx,Mirny Ice Station,,Antarctica,AQ,-80.41318,20.67103
704,UWKB,UUA,Bugulma Airport,,Russia,RU,54.6399993896,52.801700592
705,xxxx,LVD,Lime Village Airport,AK,United States of America,US,61.35559,-155.43676
707,UNOS,xxx,Omsk Severny Airport,,Russia,RU,54.9749984741,73.5550003052
716,xxxx,SPB,Saint Thomas Island Seaplane Base,,U.S. Virgin Islands,VI,18.34899,-64.93042
717,KPSF,PSF,Pittsfield Airport,MA,United States of America,US,42.4276201111111,-73.2908398055555
718,NFFN,NAN,Nadi International Airport,,Fiji,FJ,-17.755399704,177.4429931641
719,CYTZ,YTZ,Toronto Island Airport,ON,Canada,CA,43.6274986267,-79.3962020874
725,KTVL,TVL,Lake Tahoe Airport,CA,United States of America,US,38.8938888888889,-119.995333333333
730,EGNM,LBA,Leeds/Bradford Airport,,United Kingdom,GB,53.8658981323,-1.6605700254
732,xxxx,SZP,Santa Paula Airport,CA,United States of America,US,34.3470176111111,-119.061616611111
733,CYDM,XRR,Ross River Airport,YT,Canada,CA,61.9706001282,-132.4230041504
734,PAHO,HOM,Homer Airport,AK,United States of America,US,59.6449949722222,-151.485808416667
738,KMLU,MLU,Monroe Municipal Airport,LA,United States of America,US,32.51055525,-92.0361337222222
739,RCGI,GNI,Green Island Airport,,Taiwan,TW,22.6739006042,121.466003418
741,EDDL,DUS,Düsseldorf Airport,,Germany,DE,51.2895011902,6.7667798996
747,ENBN,BNN,Brønnøysund Airport,,Norway,NO,65.4610977173,12.217499733
750,SARP,PSS,Posadas Airport,MI,Argentina,AR,-27.3858,-55.9707
751,VYPT,PBU,Putao Airport,,Myanmar,MM,27.3299007416,97.4263000488
756,OPRN,ISB,Islamabad International Airport,,Pakistan,PK,33.5490833333333,72.82565
761,PAPG,PSG,Petersburg Municipal Airport,AK,United States of America,US,56.8014722222222,-132.946222222222
762,KRDD,RDD,Redding Airport,CA,United States of America,US,40.5089722222222,-122.293388888889
763,HAAY,ASM,Asmara International Airport,,Eritrea,ER,15.2918996811,38.9107017517
766,CYPM,YPM,Pikangikum Airport,ON,Canada,CA,51.8196983337,-93.9732971191
767,CYLD,YLD,Chapleau Airport,ON,Canada,CA,47.8199996948,-83.3467025757
770,PAKW,KLW,Klawock Airport,AK,United States of America,US,55.5792222222222,-133.076
774,KFMN,FMN,Farmington Municipal Airport,NM,United States of America,US,36.7412511111111,-108.229941666667
776,SKTM,TME,Tame Airport,,Colombia,CO,6.45108,-71.7603
777,OAZJ,ZAJ,Zaranj Airport,,Afghanistan,AF,30.972222,61.865833
780,UHMP,PWE,Pevek Airport,,Russia,RU,69.7833023071,170.5970001221
782,LGSM,SMI,Samos Airport,,Greece,GR,37.6899986267,26.911699295
783,NZMF,MFN,Milford Sound Airport,,New Zealand,NZ,-44.6733016968,167.9230041504
786,xxxx,xxx,Mayfield Graves County Airport,KY,United States of America,US,36.76309,-88.582
788,xxxx,TDF,Roxboro/Person County Airport,NC,United States of America,US,36.39815,-78.98237
789,KDTS,DSI,Destin Airport,FL,United States of America,US,30.4000547222222,-86.4714722222222
793,ENDU,BDU,Bardufoss Airport,,Norway,NO,69.0558013916,18.5403995514
795,UAKD,DZN,Zhezhazgan Airport,,Kazakhstan,KZ,47.7083015442,67.7332992554
797,KWST,WST,Westerly State Airport,RI,United States of America,US,41.3496329722222,-71.8034168333333
800,KALB,ALB,Albany Airport,NY,United States of America,US,42.7491161111111,-73.80198
801,RPVR,RXS,Roxas City Airport,,Philippines,PH,11.597700119,122.7519989014
803,YMBA,MRG,Mareeba Airport,QLD,Australia,AU,-17.0692005157,145.4190063477
804,RPMS,SUG,Surigao Airport,,Philippines,PH,9.7558383256,125.480947495
807,KLRU,LRU,Las Cruces Municipal Airport,NM,United States of America,US,32.2894166666667,-106.921972222222
808,CYQX,YQX,Gander Airport,NL,Canada,CA,48.9369010925,-54.5680999756
809,KPMD,PMD,Palmdale Airport,CA,United States of America,US,34.6293888888889,-118.084552777778
811,SETH,TSC,Taisha Airport,,Ecuador,EC,-2.3816699982,-77.5027999878
812,SBBR,BSB,Brasília International Airport,DF,Brazil,BR,-15.8691673279,-47.9208335876
814,NTMD,NHV,Nuku Hiva Airport,,French Polynesia,PF,-8.7955999374,-140.2290039063
815,OICC,KSH,Kermanshah Airport,,Iran,IR,34.3459014893,47.1581001282
827,UUYW,VKT,Vorkuta Airport,,Russia,RU,67.4886016846,63.9930992126
834,xxxx,xxx,Cumuatillo Airstrip,,Mexico,MX,20.15118,-102.62335
835,KMTW,MTW,Manitowoc/Newton Municipal Airport,WI,United States of America,US,44.1287777777778,-87.6805833333333
