,accident_id,date,year,icao,iata,name,state,country,country_code,lat,lon
0,ACC1003,1992-07-31,1992,ZSAM,XMN,Xiamen Airport,,China,CN,24.5440006256,118.1279983521
1,ACC1004,1992-08-27,1992,UUBI,IWA,Ivanovo Airport,,Russia,RU,56.9393997192,40.9407997131
2,ACC1005,1992-08-27,1992,GYGM,YGM,Gimli Airport,MB,Canada,CA,50.6281013489,-97.043296814
3,ACC1006,1992-08-27,1992,SPEE,xxx,El Estrecho Airport,,Peru,PE,-2.4540600777,-72.6706008911
4,ACC1010,1992-09-10,1992,SPBL,BLP,Bellavista Airport,,Peru,PE,-7.0605602264,-76.5821990967
5,ACC1013,1992-10-01,1992,KSCK,SCK,Stockton Airport,CA,United States of America,US,37.8944102777778,-121.23874
6,ACC1015,1992-12-09,1992,xxxx,AZG,Apatzingan Airport,,Mexico,MX,19.08721,-102.35482
7,ACC1016,1992-12-10,1992,KBWI,BWI,Baltimore/Washington International Airport,MD,United States of America,US,39.1757283333333,-76.6689911111111
8,ACC1017,1992-12-13,1992,FZNA,GOM,Goma Airport,,Democratic Republic of the Congo,CD,-1.6708099842,29.2385005951
9,ACC1019,1993-01-13,1993,EGPF,GLA,Glasgow International Airport,,United Kingdom,GB,55.8718986511,-4.4330601692
10,ACC102,1970-01-14,1970,SPJI,JJI,Juanjuí Airport,,Peru,PE,-7.1690998077,-76.7285995483
11,ACC1020,1993-01-14,1993,PAWG,WRG,Wrangell Airport,AK,United States of America,US,56.4843333333333,-132.369833333333
12,ACC103,1970-01-28,1970,UEBB,BQJ,Batagay Airport,,Russia,RU,67.6480026245,134.6950073242
13,ACC1031,1993-04-26,1993,FNCT,CBT,Catumbela Airport,,Angola,AO,-12.4792003632,13.4869003296
14,ACC1032,1993-05-15,1993,MMUN,CUN,Cancún Airport,,Mexico,MX,21.0365009308,-86.8770980835
15,ACC1033,1993-05-22,1993,CZVL,xxx,Edmonton/Villeneuve Airport,AB,Canada,CA,53.6674995422,-113.853996277
16,ACC1034,1993-06-07,1993,EDDN,NUE,Nürnberg Airport,,Germany,DE,49.4986991882,11.0669002533
17,ACC104,1970-01-31,1970,USCM,MQF,Magnitogorsk Airport,,Russia,RU,53.3931007385,58.7556991577
18,ACC1044,1993-07-30,1993,WBGM,MUR,Marudi Airport,,Malaysia,MY,4.1789798737,114.3290023804
19,ACC1047,1993-08-22,1993,LGEL,xxx,Elefsis Air Base,,Greece,GR,38.0638008118,23.5559997559
20,ACC1048,1993-08-26,1993,UEEA,ADH,Aldan Airport,,Russia,RU,58.6027984619,125.408996582
21,ACC1049,1993-08-28,1993,UTDD,DYU,Dushanbe Airport,,Tajikistan,TJ,38.5433006287,68.8249969482
22,ACC105,1970-02-06,1970,UTSS,SKD,Samarkand Airport,,Uzbekistan,UZ,39.7005004883,66.9838027954
23,ACC1053,1993-09-06,1993,VOPB,IXZ,Port Blair Airport,,India,IN,11.6412000656,92.7296981812
24,ACC1055,1993-10-26,1993,KPHF,PHF,Newport News/Williamsburg International Airport,VA,United States of America,US,37.1318888888889,-76.4929722222222
25,ACC1057,1993-11-10,1993,CYWG,YWG,Winnipeg International Airport,MB,Canada,CA,49.9099998474,-97.2398986816
26,ACC1059,1993-11-15,1993,OIKK,KER,Kerman Airport,,Iran,IR,30.2744007111,56.9510993958
27,ACC1063,1993-12-03,1993,CYEV,YEV,Inuvik/Mike Zubko Airport,NT,Canada,CA,68.3041992188,-133.483001709
28,ACC1070,1993-12-28,1993,LEAP,xxx,Ampuriabrava Airport,,Spain,ES,42.2599983215,3.109721899
29,ACC1073,1994-01-27,1994,CYLJ,YLJ,Meadow Lake Airport,SK,Canada,CA,54.1253013611,-108.5230026245
30,ACC1076,1994-02-24,1994,URMN,NAL,Nalchik Airport,,Russia,RU,43.5129013062,43.6366004944
31,ACC1079,1994-03-09,1994,YSTW,TMW,Tamworth Airport,NSW,Australia,AU,-31.0839004517,150.847000122
32,ACC1080,1994-03-18,1994,KEYW,EYW,Key West International Airport,FL,United States of America,US,24.5561197222222,-81.7599558333333
33,ACC1081,1994-03-18,1994,KPDX,PDX,Portland International Airport,OR,United States of America,US,45.5887088611111,-122.596869416667
34,ACC1082,1994-03-19,1994,HLLT,TIP,Tripoli International Airport,,Libya,LY,32.6635017395,13.1590003967
35,ACC1085,1994-03-21,1994,YAUR,AUU,Aurukun Mission Airport,QLD,Australia,AU,-13.3538999557,141.720993042
36,ACC1086,1994-04-06,1994,RJBH,HIW,Hiroshima West Airport,,Japan,JP,34.3669013977,132.4140014648
37,ACC1087,1994-04-06,1994,HRYR,KGL,Kigali Airport,,Rwanda,RW,-1.9686299563,30.1394996643
38,ACC1089,1994-04-26,1994,SBEK,JCR,Jacareacanga Airport,PA,Brazil,BR,-6.2331600189,-57.7769012451
39,ACC109,1970-03-15,1970,SLSB,SRJ,San Borja Airport,,Bolivia,BO,-14.8591995239,-66.7375030518
40,ACC1090,1994-06-13,1994,MMPN,UPN,Uruapan Airport,,Mexico,MX,19.3966999054,-102.0390014648
41,ACC1093,1994-07-01,1994,GQND,TIY,Tidjikja Airport,,Mauritania,MR,18.5701007843,-11.423500061
42,ACC1096,1994-07-29,1994,KMSO,MSO,Missoula Airport,MT,United States of America,US,46.9163055555556,-114.090555555556
43,ACC1097,1994-07-31,1994,LDPL,PUY,Pula Airport,,Croatia,HR,44.8935012817,13.9222002029
44,ACC1101,1994-09-17,1994,xxxx,xxx,Pruth Bay,BC,Canada,CA,48.42855,-123.36446
45,ACC1102,1994-09-23,1994,SBTK,TRQ,Tarauacá Airport,AC,Brazil,BR,-8.1552600861,-70.7833023071
46,ACC1103,1994-09-26,1994,UNIT,xxx,Tura,,Russia,RU,64.3335113525,100.4328918457
47,ACC1104,1994-09-30,1994,xxxx,PVX,Provedenia Airport,,Russia,RU,55.75696,37.61502
48,ACC1106,1994-10-27,1994,URRR,ROV,Rostov Airport,,Russia,RU,47.2582015991,39.8180999756
49,ACC1107,1994-10-29,1994,UEBW,xxx,Verkhoyansk Airport,,Russia,RU,67.5430984497,133.3988037109
50,ACC1109,1994-11-04,1994,xxxx,OBD,Obano Airport,,Indonesia,ID,-6.96568,110.37766
51,ACC111,1970-03-21,1970,xxxx,xxx,Fresnillo,,Mexico,MX,23.17464,-102.86813
52,ACC1110,1994-11-05,1994,SPOA,SQU,Saposoa Airport,,Peru,PE,-6.9600300789,-76.7684020996
53,ACC1112,1994-11-16,1994,KOAK,OAK,Oakland International Airport,CA,United States of America,US,37.72125,-122.221138888889
54,ACC1113,1994-11-22,1994,xxxx,BVP,Bolovip Airport,,Papua New Guinea,PG,-9.45508,147.20381
55,ACC1116,1994-12-17,1994,AYSO,SBC,Selbang Airport,,Papua New Guinea,PG,-9.45508,147.20381
56,ACC1118,1994-12-23,1994,FADN,DUR,Durban International Airport,,South Africa,ZA,-29.9701004028,30.9505004883
57,ACC112,1970-03-28,1970,FQMA,MPM,Lourenço Marques Airport,,Mozambique,MZ,-25.9207992554,32.5726013184
58,ACC1121,1995-01-10,1995,WATG,RTG,Ruteng Airport,,Indonesia,ID,-8.5970096588,120.4769973755
59,ACC1123,1995-01-11,1995,CZMT,ZMT,Masset Airport,BC,Canada,CA,54.0275001526,-132.125
60,ACC1126,1995-01-20,1995,UNAA,ABA,Abakan Airport,,Russia,RU,53.7400016785,91.3850021362
61,ACC1129,1995-01-28,1995,FNLU,LAD,Luanda Airport,,Angola,AO,-8.8583698273,13.2312002182
62,ACC1139,1995-03-22,1995,KRNO,RNO,Reno/Tahoe International Airport,NV,United States of America,US,39.4991111111111,-119.768111111111
63,ACC114,1970-04-04,1970,UKDE,OZH,Zaporozhye Airport,,Ukraine,UA,47.8670005798,35.315700531
64,ACC1146,1995-05-01,1995,CYXL,YXL,Sioux Lookout Airport,ON,Canada,CA,50.113899231,-91.9052963257
65,ACC1147,1995-05-04,1995,USCM,MQF,Magnitogorsk Airport,,Russia,RU,53.3931007385,58.7556991577
66,ACC1148,1995-06-09,1995,NZPM,PMR,Palmerston North Airport,,New Zealand,NZ,-40.3205986023,175.6170043945
67,ACC1150,1995-06-16,1995,xxxx,xxx,Oktyabrsky Airfield,,Russia,RU,54.48372,53.47851
68,ACC1151,1995-06-17,1995,FNCT,CBT,Catumbela Airport,,Angola,AO,-12.4792003632,13.4869003296
69,ACC1152,1995-06-23,1995,MMTO,TLC,Toluca Airport,,Mexico,MX,19.3370990753,-99.5660018921
70,ACC1155,1995-07-19,1995,KMKC,MKC,Kansas City Downtown Municipal Airport,MO,United States of America,US,39.1229444444444,-94.5928333333333
71,ACC1160,1995-09-11,1995,OAJL,JAA,Jalalabad Airport,,Afghanistan,AF,34.3997993469,70.4985961914
72,ACC1161,1995-09-15,1995,WBKW,TWU,Tawau Airport,,Malaysia,MY,4.3201599121,118.1279983521
73,ACC1162,1995-09-16,1995,YSTW,TMW,Tamworth Airport,NSW,Australia,AU,-31.0839004517,150.847000122
74,ACC1163,1995-09-27,1995,CYBL,YBL,Campbell River Airport,BC,Canada,CA,49.9508018494,-125.2710037231
75,ACC1164,1995-10-25,1995,UWUU,UFA,Ufa Airport,,Russia,RU,54.5574989319,55.8744010925
76,ACC1165,1995-10-31,1995,MMPG,PDS,Piedras Negras Airport,,Mexico,MX,28.6273994446,-100.5350036621
77,ACC1168,1995-11-13,1995,DNKA,KAD,Kaduna Airport,,Nigeria,NG,10.6960000992,7.3201098442
78,ACC1170,1995-12-03,1995,FKKD,DLA,Douala Airport,,Cameroon,CM,4.0060801506,9.7194795609
79,ACC1172,1995-12-22,1995,xxxx,BNT,Bundi Airport,,Papua New Guinea,PG,-9.45508,147.20381
80,ACC1175,1995-12-30,1995,KEGV,EGV,Eagle River Airport,WI,United States of America,US,45.9323333333333,-89.2682777777778
81,ACC118,1970-04-20,1970,xxxx,xxx,Kuban State Farm Airport,,Russia,RU,55.75696,37.61502
82,ACC1183,1996-03-09,1996,SPGU,xxx,Bagua Airport,,Peru,PE,-5.6347222328,-78.5305557251
83,ACC119,1970-04-21,1970,RPLL,MNL,Manila Airport,,Philippines,PH,14.508600235,121.019996643
84,ACC1197,1996-04-24,1996,HTMG,xxx,Morogoro Airport,,Tanzania,TZ,-6.7972202301,37.6530990601
85,ACC1200,1996-05-09,1996,CYVT,YVT,Buffalo Narrows Airport,SK,Canada,CA,55.8418998718,-108.417999268
86,ACC1201,1996-05-11,1996,AYMW,MWG,Marawaka Airport,,Papua New Guinea,PG,-9.45508,147.20381
87,ACC1203,1996-05-19,1996,EGET,LWK,Lerwick/Tingwall Airport,Shetland Islands,United Kingdom,GB,60.192199707,-1.2436100245
88,ACC1207,1996-06-21,1996,ZYCH,CNI,Changhai Airport,,China,CN,39.2666666667,122.666944444
89,ACC1209,1996-06-28,1996,DIYO,ASK,Yamoussoukro Airport,,Cote d'Ivoire,CI,6.9031701088,-5.3655800819
90,ACC1210,1996-07-09,1996,AYMN,MDU,Mendi Airport,,Papua New Guinea,PG,-6.1477398872,143.6569976807
91,ACC1211,1996-07-20,1996,PANI,ANI,Aniak Airport,AK,United States of America,US,61.5814052777778,-159.545298055556
92,ACC1214,1996-08-12,1996,xxxx,xxx,Markham Bay,NU,Canada,CA,43.85651,-79.33982
93,ACC1215,1996-08-14,1996,PAWG,WRG,Wrangell Airport,AK,United States of America,US,56.4843333333333,-132.369833333333
94,ACC1217,1996-08-18,1996,xxxx,xxx,Alliford Bay,BC,Canada,CA,53.21079,-131.98583
95,ACC1219,1996-09-18,1996,MMES,ESE,Ensenada Airport,,Mexico,MX,31.79529953,-116.6029968262
96,ACC122,1970-04-28,1970,xxxx,xxx,Kainantu Airstrip,,Papua New Guinea,PG,-6.32635,145.89504
97,ACC1222,1996-10-22,1996,KMIA,MIA,Miami International Airport,FL,United States of America,US,25.7953611111111,-80.2901158333333
98,ACC1225,1996-11-14,1996,xxxx,xxx,Koslan Airfield,,Russia,RU,63.45648,48.89456
99,ACC1226,1996-11-26,1996,PAGG,KWK,Kwigillingok Airport,AK,United States of America,US,59.8756888888889,-163.1680875
100,ACC123,1970-05-12,1970,KEDW,EDW,Edwards Air Force Base,CA,United States of America,US,34.9080883888889,-117.885528527778
101,ACC1235,1997-01-29,1997,PAEN,ENA,Kenai Airport,AK,United States of America,US,60.5732777777778,-151.244833333333
102,ACC1236,1997-01-31,1997,DNYO,YOL,Yola Airport,,Nigeria,NG,9.2575502396,12.4303998947
103,ACC1237,1997-02-14,1997,SBCJ,CKS,Carajás Airport,PA,Brazil,BR,-6.1152777672,-50.0013885498
104,ACC124,1970-05-15,1970,LUKK,KIV,Chisinau Airport,,Moldova,MD,46.9277000427,28.9309997559
105,ACC1242,1997-03-18,1997,LTCG,TZX,Trabzon Airport,,Turkey,TR,40.995098114,39.7896995544
106,ACC1243,1997-03-25,1997,PABE,BET,Bethel Airport,AK,United States of America,US,60.7785555555556,-161.837166666667
107,ACC1247,1997-05-15,1997,UBBG,KVD,Gyandzha Airport,,Azerbaijan,AZ,40.738833,46.32
108,ACC1249,1997-05-20,1997,MMTO,TLC,Toluca Airport,,Mexico,MX,19.3370990753,-99.5660018921
109,ACC1252,1997-06-06,1997,FZIA,FKI,Kisangani Airport,,Democratic Republic of the Congo,CD,0.5174999833,25.1550006866
110,ACC1254,1997-06-17,1997,xxxx,xxx,Shakhty Airport,,Russia,RU,47.71214,40.20864
111,ACC1257,1997-07-21,1997,VTSR,UNN,Ranong Airport,,Thailand,TH,9.7776203156,98.5855026245
112,ACC1264,1997-08-14,1997,KDNN,DNN,Dalton Municipal Airport,GA,United States of America,US,34.7229388888889,-84.8702413888889
113,ACC1268,1997-10-08,1997,KPGA,PGA,Page Airport,AZ,United States of America,US,36.9260694444444,-111.448350555556
114,ACC127,1970-06-02,1970,RPVB,BCD,Bacolod Airport,,Philippines,PH,10.7763996124,123.0149993896
115,ACC1271,1997-11-13,1997,KJAN,JAN,Jackson International Airport,MS,United States of America,US,32.3111666666667,-90.0758888888889
116,ACC1277,1997-12-09,1997,CZGR,ZGR,Little Grand Rapids Airport,MB,Canada,CA,52.0456008911,-95.4657974243
117,ACC1278,1997-12-15,1997,OMSJ,SHJ,Sharjah Airport,,United Arab Emirates,AE,25.3285999298,55.51720047
118,ACC1284,1998-01-27,1998,VYKP,KYP,Kyaukpyu Airport,,Myanmar,MM,19.426399231,93.5347976685
119,ACC1290,1998-03-18,1998,RCKH,KHH,Kaohsiung International Airport,,Taiwan,TW,22.5771007538,120.3499984741
120,ACC1291,1998-03-19,1998,OAKB,KBL,Kabul Airport,,Afghanistan,AF,34.5658988953,69.2123031616
121,ACC1294,1998-03-28,1998,SPUR,PIU,Piura Airport,,Peru,PE,-5.2057499886,-80.6164016724
122,ACC130,1970-07-03,1970,PAGA,GAL,Galena Airport,AK,United States of America,US,64.7361897222222,-156.934554722222
123,ACC1304,1998-05-26,1998,ZMMN,MXV,Moron Airport,,Mongolia,MN,49.6632995605,100.0989990234
124,ACC1306,1998-07-13,1998,UKON,NLV,Nikolaev Airport,,Ukraine,UA,47.0578994751,31.9197998047
125,ACC1309,1998-07-30,1998,VOTV,TRV,Thiruvananthapuram International Airport,,India,IN,8.4821195602,76.9200973511
126,ACC131,1970-07-18,1970,CYQX,YQX,Gander International Airport,NL,Canada,CA,48.9369010925,-54.5680999756
127,ACC1316,1998-09-25,1998,HUKS,KSE,Kasese Airport,,Uganda,UG,0.1829999983,30.1000003815
128,ACC1317,1998-09-25,1998,GEML,MLN,Melilla Airport,,Spain,ES,35.279800415,-2.9562599659
129,ACC1320,1998-10-02,1998,SVCN,CAJ,Canaima Airport,,Venezuela,VE,6.2319889069,-62.8544311523
130,ACC1323,1998-11-01,1998,MGQZ,AAZ,Quetzaltenango Airport,,Guatemala,GT,14.8655996323,-91.5019989014
131,ACC1327,1998-11-23,1998,CYYJ,YYJ,Victoria International Airport,BC,Canada,CA,48.646900177,-123.4260025024
132,ACC1329,1998-11-28,1998,EGJB,GCI,Guernsey Airport,Channel Islands,United Kingdom,GB,49.4350013733,-2.6019699574
133,ACC133,1970-08-06,1970,OPLA,LHE,Lahore Airport,,Pakistan,PK,31.5216007233,74.4036026001
134,ACC1330,1998-12-02,1998,KTXK,TXK,Texarkana Municipal Airport,AR,United States of America,US,33.4537222222222,-93.9910277777778
135,ACC1332,1998-12-07,1998,CYXK,YXK,Rimouski Airport,QC,Canada,CA,48.478099823,-68.4969024658
136,ACC1335,1999-01-13,1999,CYYJ,YYJ,Victoria International Airport,BC,Canada,CA,48.646900177,-123.4260025024
137,ACC1336,1999-01-16,1999,YCCT,CNC,Coconut Island Airport,QLD,Australia,AU,-10.0500001907,143.0700073242
138,ACC1337,1999-01-18,1999,VNNG,KEP,Nepalganj Airport,,Nepal,NP,28.1035995483,81.6669998169
139,ACC1338,1999-02-03,1999,xxxx,KDR,Kandrian Airport,,Papua New Guinea,PG,-6.2659,149.5581
140,ACC134,1970-08-08,1970,UKFF,SIP,Simferopol Airport,,Russia,RU,45.0522003174,33.9751014709
141,ACC1340,1999-02-12,1999,KBIH,BIH,Bishop Airport,CA,United States of America,US,37.3731111111111,-118.363611111111
142,ACC1344,1999-02-24,1999,ZSWZ,WNZ,Wenzhou Yongqiang Airport,,China,CN,27.9122009277,120.8519973755
143,ACC1347,1999-03-19,1999,xxxx,YDI,Davis Inlet Airport,NL,Canada,CA,43.79422,-79.76422
144,ACC1354,1999-05-29,1999,xxxx,xxx,Mara Shika Airstrip,,Kenya,KE,-1.03986,37.10548
145,ACC1355,1999-06-01,1999,KLIT,LIT,Little Rock National Airport,AR,United States of America,US,34.7294413888889,-92.2247772222222
146,ACC1357,1999-06-25,1999,xxxx,xxx,Long Haul Lake,MB,Canada,CA,50.87301,-95.38168
147,ACC1369,1999-12-07,1999,RPUY,CYZ,Cauayan Airport,,Philippines,PH,16.9298992157,121.752998352
148,ACC137,1970-08-30,1970,EHMZ,xxx,Midden Zeeland Airfield,,Netherlands,NL,51.5121994019,3.731110096
149,ACC1377,2000-03-17,2000,CWJC,xxx,Ennadai Lake Airport,NU,Canada,CA,61.1333333333,-100.9
150,ACC138,1970-09-02,1970,EYVI,VNO,Vilnius Airport,,Lithuania,LT,54.6341018677,25.2858009338
151,ACC1380,2000-04-01,2000,SADF,xxx,San Fernando Airport,BA,Argentina,AR,-34.4532,-58.5896
152,ACC1382,2000-05-10,2000,PHMK,MKK,Molokai/Kaunakakai Airport,HI,United States of America,US,21.1528858333333,-157.096256111111
153,ACC1384,2000-05-17,2000,FOOD,MFF,Moanda Airport,,Gabon,GA,-1.5329999924,13.2670001984
154,ACC1388,2000-06-22,2000,ZHHH,WUH,Wuhan Tianhe International Airport,,China,CN,30.7838001251,114.2080001831
155,ACC139,1970-09-03,1970,UTDL,LBD,Leninabad Airport,,Tajikistan,TJ,40.2154006958,69.6947021484
156,ACC1391,2000-07-27,2000,VNDH,DHI,Dhangadhi Airport,,Nepal,NP,28.7532997131,80.5819015503
157,ACC1392,2000-08-14,2000,CYDL,YDL,Dease Lake Airport,BC,Canada,CA,58.4221992493,-130.0319976807
158,ACC1393,2000-08-23,2000,OBBI,BAH,Bahrain International Airport,,Bahrain,BH,26.2707996368,50.6335983276
159,ACC1394,2000-09-04,2000,YLEO,LNO,Leonora Airport,WA,Australia,AU,-28.8780994415,121.3150024414
160,ACC1397,2000-10-08,2000,CYZF,YZF,Yellowknife Airport,NT,Canada,CA,62.4627990723,-114.4400024414
161,ACC1400,2000-11-25,2000,LEBA,ODB,Córdoba Airport,,Spain,ES,37.841999054,-4.8488798141
162,ACC1404,2000-12-20,2000,PAEN,ENA,Kenai Airport,AK,United States of America,US,60.5732777777778,-151.244833333333
163,ACC1405,2000-12-22,2000,xxxx,xxx,Rangeley Municipal Airport,ME,United States of America,US,44.31804,-69.77631
164,ACC1406,2000-12-23,2000,LEPA,PMI,Palma de Mallorca Airport,,Spain,ES,39.551700592,2.7388100624
165,ACC1407,2001-01-06,2001,SYMD,MHA,Mahdia Airport,,Guyana,GY,5.277490139,-59.1511001587
166,ACC1409,2001-01-23,2001,PANC,ANC,Anchorage International Airport,AK,United States of America,US,61.1740847222222,-149.9981375
167,ACC141,1970-10-01,1970,PANC,ANC,Anchorage International Airport,AK,United States of America,US,61.1740847222222,-149.9981375
168,ACC1410,2001-01-25,2001,SVMG,PMV,Porlamar Airport,,Venezuela,VE,10.9126033783,-63.9665985107
169,ACC1413,2001-01-31,2001,SKMU,MVP,Mitú Airport,,Colombia,CO,1.25366,-70.2339
170,ACC1418,2001-03-29,2001,KASE,ASE,Aspen Airport,CO,United States of America,US,39.2218888888889,-106.868222222222
171,ACC1424,2001-04-28,2001,SAVT,REL,Trelew Airport,CB,Argentina,AR,-43.2105,-65.2703
172,ACC1425,2001-04-29,2001,xxxx,xxx,Ballieston East,VIC,Australia,AU,-36.78179,145.11446
173,ACC1428,2001-06-02,2001,xxxx,xxx,Srednyaya Akhtuba Airfield,,Russia,RU,48.71649,44.86757
174,ACC1431,2001-07-14,2001,UOOO,NSK,Noril'sk Airport,,Russia,RU,69.3110961914,87.3321990967
175,ACC1434,2001-08-05,2001,BGBW,UAK,Narsarsuaq Airport,,Greenland,GL,61.1604995728,-45.4259986877
176,ACC1435,2001-08-23,2001,FZOE,xxx,Kampene Airport,,Democratic Republic of the Congo,CD,-3.5829999447,26.7000007629
177,ACC1437,2001-08-29,2001,LEMG,AGP,Málaga Airport,,Spain,ES,36.6749000549,-4.4991102219
178,ACC1438,2001-09-11,2001,KSFO,SFO,San Francisco International Airport,CA,United States of America,US,37.6188055555556,-122.375416666667
179,ACC1439,2001-09-12,2001,MMCZ,CZM,Cozumel Airport,,Mexico,MX,20.5223999023,-86.9255981445
180,ACC1443,2001-10-10,2001,PAKN,AKN,King Salmon Airport,AK,United States of America,US,58.6764934722222,-156.648691
181,ACC1445,2001-10-11,2001,CZTM,ZTM,Shamattawa Airport,MB,Canada,CA,55.8656005859,-92.0813980103
182,ACC1451,2001-11-22,2001,KBCT,BCT,Boca Raton Public Airport,FL,United States of America,US,26.3784855555556,-80.1076963888889
183,ACC1453,2001-12-01,2001,KEKY,xxx,Bessemer Airport,AL,United States of America,US,33.3126111111111,-86.9263055555556
184,ACC1456,2001-12-10,2001,YMTG,MGB,Mount Gambier Airport,SA,Australia,AU,-37.7456016541,140.7850036621
185,ACC1457,2001-12-14,2001,FZNP,BNC,Beni Airport,,Democratic Republic of the Congo,CD,0.5749999881,29.4738998413
186,ACC1458,2001-12-26,2001,EDWG,AGE,Wangerooge Airfield,,Germany,DE,53.7827796936,7.9138889313
187,ACC1459,2002-01-04,2002,KBGR,BGR,Bangor International Airport,ME,United States of America,US,44.8074444444444,-68.8281388888889
188,ACC1468,2002-03-14,2002,MUCC,CCC,Cayo Coco/Jardines del Rey Airport,,Cuba,CU,22.4610004425,-78.3283996582
189,ACC1478,2002-05-21,2002,DNCA,CBQ,Calabar Airport,,Nigeria,NG,4.9760198593,8.3472003937
190,ACC1479,2002-05-25,2002,WABT,EWI,Enarotali Airport,,Indonesia,ID,-3.9258999825,136.3769989014
191,ACC1480,2002-06-01,2002,FAGG,GRJ,George Airport,,South Africa,ZA,-34.0055999756,22.378900528
192,ACC1490,2002-07-17,2002,VNSK,SKH,Surkhet Airport,,Nepal,NP,28.5860004425,81.6360015869
193,ACC1492,2002-08-22,2002,VNPK,PKR,Pokhara Airport,,Nepal,NP,28.2008991241,83.9821014404
194,ACC1494,2002-08-29,2002,xxxx,xxx,Ayan Airport,,Russia,RU,53.21378,34.1832
195,ACC1495,2002-09-02,2002,ZUXC,XIC,Xichang Airport,,China,CN,27.9890995026,102.1839981079
196,ACC1496,2002-09-28,2002,xxxx,xxx,Aguanish River,QC,Canada,CA,50.22842,-62.1056
197,ACC1504,2002-12-13,2002,AYMD,MAG,Madang Airport,,Papua New Guinea,PG,-5.2070798874,145.789001465
198,ACC151,1971-01-21,1971,KPVD,PVD,Providence Airport,RI,United States of America,US,41.7223333333333,-71.4277222222222
199,ACC1512,2003-03-01,2003,xxxx,xxx,Borki Airport,,Russia,RU,54.88211,20.58623
200,ACC1515,2003-03-25,2003,xxxx,xxx,Larandia Air Base,,Colombia,CO,4.61496,-74.06942
201,ACC1516,2003-03-27,2003,WAJW,WMX,Wamena Airport,,Indonesia,ID,-4.1025099754,138.9570007324
202,ACC1518,2003-04-14,2003,MMCM,CTM,Chetumal Airport,,Mexico,MX,18.504699707,-88.3267974854
203,ACC1521,2003-04-26,2003,KSAT,SAT,San Antonio International Airport,TX,United States of America,US,29.5339583333333,-98.4690569444444
204,ACC153,1971-01-22,1971,USRR,SGC,Surgut Airport,,Russia,RU,61.3437004089,73.401802063
205,ACC1531,2003-07-16,2003,CYXC,YXC,Cranbrook Airport,BC,Canada,CA,49.6108016968,-115.7819976807
206,ACC1533,2003-07-23,2003,SDCO,SOD,Sorocaba Airport,SP,Brazil,BR,-23.4780006409,-47.4900016785
207,ACC1537,2003-09-11,2003,xxxx,SUR,Summer Beaver Airport,ON,Canada,CA,52.7085990906,-88.5419006348
208,ACC1538,2003-09-12,2003,LEMG,AGP,Málaga Airport,,Spain,ES,36.6749000549,-4.4991102219
209,ACC1539,2003-09-19,2003,KDRT,DRT,Del Rio International Airport,TX,United States of America,US,29.3742069444444,-100.927156944444
210,ACC1541,2003-10-03,2003,KSBD,SBD,San Bernardino International Airport,CA,United States of America,US,34.0953611111111,-117.234888888889
211,ACC1542,2003-10-03,2003,NZPM,PMR,Palmerston North Airport,,New Zealand,NZ,-40.3205986023,175.6170043945
212,ACC1549,2003-12-12,2003,RPUT,TUG,Tuguegarao Airport,,Philippines,PH,17.6433676823,121.733150482
213,ACC1550,2003-12-18,2003,SKMU,MVP,Mitú Airport,,Colombia,CO,1.25366,-70.2339
214,ACC1553,2003-12-25,2003,HLKF,AKF,Kufrah Airport,,Libya,LY,24.1786994934,23.313999176
215,ACC1557,2004-01-13,2004,UTTT,TAS,Tashkent Airport,,Uzbekistan,UZ,41.257900238,69.2811965942
216,ACC1558,2004-01-17,2004,CYQG,YQG,Windsor Airport,ON,Canada,CA,42.2756004333,-82.9555969238
217,ACC1561,2004-02-10,2004,OMSJ,SHJ,Sharjah Airport,,United Arab Emirates,AE,25.3285999298,55.51720047
218,ACC1563,2004-02-26,2004,LQMO,OMO,Mostar Airport,,Bosnia and Herzegovina,BA,43.2829017639,17.8458995819
219,ACC1569,2004-05-04,2004,SVUQ,xxx,Uonquen Airport,,Venezuela,VE,4.9833331108,-61.7283325195
220,ACC1570,2004-05-06,2004,xxxx,xxx,Ayod Airstrip,,South Sudan,SS,8.12408,31.41513
221,ACC1572,2004-05-11,2004,HSOB,EBD,El Obeid Airport,,Sudan,SD,13.1532001495,30.2327003479
222,ACC1576,2004-06-08,2004,FOON,MVB,Franceville/Mvengue Airport,,Gabon,GA,-1.656159997,13.4379997253
223,ACC1582,2004-08-13,2004,KCVG,CVG,Cincinnati/Northern Kentucky Airport,KY,United States of America,US,39.0488375,-84.6678208333333
224,ACC1583,2004-08-18,2004,xxxx,xxx,Walikale Airstrip,,Democratic Republic of the Congo,CD,-1.42536,28.07298
225,ACC1584,2004-08-27,2004,PAUN,UNK,Unalakleet Airport,AK,United States of America,US,63.8885,-160.799111111111
226,ACC1593,2004-10-05,2004,HSSJ,JUB,Juba Airport,,South Sudan,SS,4.872010231,31.6011009216
227,ACC1594,2004-10-14,2004,LEZG,ZAZ,Zaragoza Airport,,Spain,ES,41.6661987305,-1.0415500402
228,ACC1595,2004-10-16,2004,RPVP,PPS,Puerto Princesa Airport,,Philippines,PH,9.7421197891,118.7590026855
229,ACC1597,2004-10-22,2004,EGPE,INV,Inverness Airport,,United Kingdom,GB,57.5424995422,-4.0475001335
230,ACC1606,2005-01-13,2005,UNIT,xxx,Tura,,Russia,RU,64.3335113525,100.4328918457
231,ACC1607,2005-01-13,2005,KMHT,MHT,Manchester Municipal Airport,NH,United States of America,US,42.9328055555556,-71.43575
232,ACC1614,2005-02-16,2005,KPUB,PUB,Pueblo Memorial Airport,CO,United States of America,US,38.2899475,-104.498028055556
233,ACC1615,2005-02-22,2005,xxxx,xxx,Wobagen Airstrip,,Papua New Guinea,PG,-9.45508,147.20381
234,ACC1616,2005-02-24,2005,MMIA,CLQ,Colima Airport,,Mexico,MX,19.2770004272,-103.577003479
235,ACC1617,2005-03-08,2005,SVCN,CAJ,Canaima Airport,,Venezuela,VE,6.2319889069,-62.8544311523
236,ACC1619,2005-04-20,2005,KCIC,CIC,Chico Airport,CA,United States of America,US,39.7953888888889,-121.858416666667
237,ACC162,1971-03-31,1971,UKCW,VSG,Voroshilovgrad Airport,,Ukraine,UA,48.4174003601,39.3740997314
238,ACC1627,2005-05-25,2005,FZOA,KND,Kindu Airport,,Democratic Republic of the Congo,CD,-2.9191799164,25.9153995514
239,ACC163,1971-03-31,1971,KONT,ONT,Ontario International Airport,CA,United States of America,US,34.0560141666667,-117.6011875
240,ACC1631,2005-07-28,2005,CYYD,YYD,Smithers Airport,BC,Canada,CA,54.8246994019,-127.1829986572
241,ACC1634,2005-09-04,2005,xxxx,xxx,Udskoye Airstrip,,Russia,RU,54.5098,134.41178
242,ACC1645,2005-11-28,2005,DNAA,ABV,Abuja International Airport,,Nigeria,NG,9.0067901611,7.2631697655
243,ACC1647,2005-12-10,2005,DNPO,PHC,Port Harcourt Airport,,Nigeria,NG,5.0154900551,6.9495902061
244,ACC1648,2005-12-28,2005,KTRK,TKF,Truckee Airport,CA,United States of America,US,39.3200555555556,-120.139583333333
245,ACC1651,2006-01-21,2006,CYVR,YVR,Vancouver International Airport,BC,Canada,CA,49.193901062,-123.1839981079
246,ACC1654,2006-03-18,2006,KBTM,BTM,Butte Airport,MT,United States of America,US,45.9548055555556,-112.497472222222
247,ACC1655,2006-03-24,2006,SEMC,XMS,Macas Airport,,Ecuador,EC,-2.2991700172,-78.1207962036
248,ACC1656,2006-03-28,2006,KONT,ONT,Ontario International Airport,CA,United States of America,US,34.0560141666667,-117.6011875
249,ACC1659,2006-04-11,2006,xxxx,xxx,Kozlovets,,Bulgaria,BG,43.50803,25.36324
250,ACC166,1971-04-17,1971,KBTM,BTM,Butte Airport,MT,United States of America,US,45.9548055555556,-112.497472222222
251,ACC1661,2006-05-03,2006,URSS,AER,Adler/Sochi Airport,,Russia,RU,43.4499015808,39.9566001892
252,ACC1662,2006-05-14,2006,CYVC,YVC,La Ronge Airport,SK,Canada,CA,55.1514015198,-105.2620010376
253,ACC1663,2006-05-23,2006,FPST,TMS,São Tomé Island Airport,,São Tomé and Príncipe,ST,0.3781749904,6.7121500969
254,ACC1667,2006-06-17,2006,xxxx,xxx,Taiynsha  Airport,,Kazakhstan,KZ,51.12771,71.4283
255,ACC1668,2006-06-21,2006,VNJL,JUM,Jumla Airport,,Nepal,NP,29.2742004395,82.1932983398
256,ACC1673,2006-07-10,2006,OPLA,LHE,Lahore Airport,,Pakistan,PK,31.5216007233,74.4036026001
257,ACC1677,2006-09-01,2006,OIMM,MHD,Mashhad Airport,,Iran,IR,36.2351989746,59.6409988403
258,ACC1682,2006-10-29,2006,DNSO,SKO,Sokoto Airport,,Nigeria,NG,12.9162998199,5.2071900368
259,ACC1689,2006-11-17,2006,WABL,ILA,Ilaga Airport,,Indonesia,ID,-3.8332800865,137.5829925537
260,ACC169,1971-06-06,1971,KSLC,SLC,Salt Lake City International Airport,UT,United States of America,US,40.7883933333333,-111.977773333333
261,ACC1692,2007-01-07,2007,xxxx,xxx,Sandy Bay Airport,SK,Canada,CA,55.52634,-102.31393
262,ACC1694,2007-01-09,2007,ORBD,xxx,Balad Air Base,,Iraq,IQ,33.9402008057,44.3615989685
263,ACC1697,2007-02-06,2007,MBJT,GDT,Grand Turk Island Airport,,Turks and Caicos Islands,TC,21.4444999695,-71.1423034668
264,ACC1699,2007-02-15,2007,xxxx,xxx,Walikale Airstrip,,Democratic Republic of the Congo,CD,-1.42536,28.07298
265,ACC170,1971-06-28,1971,KSJC,SJC,San Jose Municipal Airport,CA,United States of America,US,37.3629947222222,-121.928620555556
266,ACC1703,2007-03-17,2007,UWWW,KUF,Samara Airport,,Russia,RU,53.504901886,50.1642990112
267,ACC1705,2007-04-25,2007,SYKO,xxx,Kopinang Airfield,,Guyana,GY,6.80858,-58.16124
268,ACC1706,2007-05-17,2007,FZNA,GOM,Goma Airport,,Democratic Republic of the Congo,CD,-1.6708099842,29.2385005951
269,ACC1707,2007-05-24,2007,SPPH,xxx,Pampa Hermosa Airport,,Peru,PE,-7.1999998093,-75.3000030518
270,ACC171,1971-07-25,1971,RPLL,MNL,Manila International Airport,,Philippines,PH,14.508600235,121.019996643
271,ACC1715,2007-07-05,2007,EICA,xxx,Connemara Airport,,Ireland,IE,53.2303009033,-9.4677801132
272,ACC1721,2007-08-26,2007,FZNA,GOM,Goma Airport,,Democratic Republic of the Congo,CD,-1.6708099842,29.2385005951
273,ACC1725,2007-09-26,2007,HUMI,KCU,Masindi Airport,,Uganda,UG,1.7580599785,31.736700058
274,ACC1727,2007-11-06,2007,KVIS,VIS,Visalia Airport,CA,United States of America,US,36.3186388888889,-119.392861111111
275,ACC1731,2008-01-11,2008,LJMB,MBX,Maribor Airport,,Slovenia,SI,46.4799003601,15.6861000061
276,ACC1732,2008-01-14,2008,PHLI,LIH,Kauai Island/Lihue Airport,HI,United States of America,US,21.9759833333333,-159.338957777778
277,ACC1733,2008-01-19,2008,FNHU,NOV,Huambo Airport,,Angola,AO,-12.8088998795,15.7604999542
278,ACC1735,2008-02-01,2008,KLNK,LNK,Lincoln Municipal Airport,NE,United States of America,US,40.8508888888889,-96.7591111111111
279,ACC174,1971-09-04,1971,PAJN,JNU,Juneau International Airport,AK,United States of America,US,58.3547118055556,-134.578470527778
280,ACC1740,2008-04-03,2008,HTMW,MWZ,Mwanza Airport,,Tanzania,TZ,-2.4444899559,32.9327011108
281,ACC1741,2008-04-11,2008,LTAI,AYT,Antalya Airport,,Turkey,TR,36.8987007141,30.8005008698
282,ACC1744,2008-05-26,2008,USPP,PEE,Perm Airport,,Russia,RU,57.9145011902,56.0211982727
283,ACC1752,2008-07-31,2008,KOWA,OWA,Owatonna Airport,MN,United States of America,US,44.1229518055556,-93.2588264166667
284,ACC1758,2008-10-12,2008,SDCO,SOD,Sorocaba Airport,SP,Brazil,BR,-23.4780006409,-47.4900016785
285,ACC176,1971-09-28,1971,SBRB,RBR,Rio Branco Airport,AC,Brazil,BR,-9.868888855,-67.8980560303
286,ACC1763,2008-11-13,2008,ORBI,BGW,Baghdad International Airport,,Iraq,IQ,33.2625007629,44.2346000671
287,ACC1779,2009-02-20,2009,UKON,NLV,Nikolaev Airport,,Ukraine,UA,47.0578994751,31.9197998047
288,ACC178,1971-11-13,1971,UKFK,KHC,Kerch Airport,,Ukraine,UA,45.3725013733,36.4014015198
289,ACC1783,2009-03-09,2009,HCMM,MGQ,Mogadishu International Airport,,Somalia,SO,2.0144400597,45.3046989441
290,ACC1785,2009-04-02,2009,xxxx,xxx,Maconacon Airport,,Philippines,PH,17.38769,122.2404
291,ACC1786,2009-04-17,2009,SVCB,CBL,Ciudad Bolívar Airport,,Venezuela,VE,8.1221609116,-63.5369567871
292,ACC1787,2009-04-25,2009,KALM,ALM,Alamogordo Municipal Airport,NM,United States of America,US,32.8394166666667,-105.991138888889
293,ACC1788,2009-04-30,2009,UEEE,YKS,Yakutsk Airport,,Russia,RU,62.0932998657,129.7709960938
294,ACC1796,2009-06-29,2009,WAJW,WMX,Wamena Airport,,Indonesia,ID,-4.1025099754,138.9570007324
295,ACC1800,2009-08-04,2009,VTSM,USM,Koh Samui Airport,,Thailand,TH,9.5477895737,100.06199646
296,ACC1801,2009-08-16,2009,WMBI,TPG,Taiping Airport,,Malaysia,MY,4.867000103,100.7170028687
297,ACC1807,2009-10-06,2009,xxxx,xxx,Umgalala Airstrip,,Sudan,SD,15.58651,32.52318
298,ACC181,1971-12-01,1971,UWSS,RTW,Saratov Airport,,Russia,RU,51.5649986267,46.0466995239
299,ACC1810,2009-11-01,2009,UIII,IKT,Irkutsk Airport,,Russia,RU,52.2680015564,104.388999939
300,ACC1823,2010-03-22,2010,YPDN,DRW,Darwin Airport,NT,Australia,AU,-12.4146995544,130.8769989014
301,ACC1826,2010-05-17,2010,OAKB,KBL,Kabul Airport,,Afghanistan,AF,34.5658988953,69.2123031616
302,ACC1829,2010-06-24,2010,xxxx,xxx,Sorochinskiy Airstrip,,Kazakhstan,KZ,47.10485,51.94295
303,ACC183,1971-12-09,1971,VOMD,IXM,Madurai Airport,,India,IN,9.8345098496,78.0933990479
304,ACC1832,2010-07-31,2010,CYKA,YKA,Kamloops Airport,BC,Canada,CA,50.7022018433,-120.4440002441
305,ACC1833,2010-08-25,2010,FZBO,FDU,Bandundu Airport,,Democratic Republic of the Congo,CD,-3.3113200665,17.3817005157
306,ACC184,1971-12-12,1971,OIZH,ZAH,Zahedan Airport,,Iran,IR,29.4757003784,60.9062004089
307,ACC1840,2010-12-08,2010,GMMZ,OZZ,Ouarzazate Airport,,Morocco,MA,30.9391002655,-6.909430027
308,ACC1850,2011-03-16,2011,KSLC,SLC,Salt Lake City International Airport,UT,United States of America,US,40.7883933333333,-111.977773333333
309,ACC1852,2011-03-28,2011,ZWKL,KRL,Korla Airport,,China,CN,41.6977996826,86.1288986206
310,ACC1853,2011-03-31,2011,xxxx,xxx,Rackla Airstrip,YT,Canada,CA,52.61469,-121.51616
311,ACC1854,2011-04-01,2011,CYXE,YXE,Saskatoon Airport,SK,Canada,CA,52.1707992554,-106.6999969482
312,ACC1855,2011-04-02,2011,KROW,ROW,Roswell International Air Center Airport,NM,United States of America,US,33.2998696666667,-104.529397638889
313,ACC1858,2011-05-18,2011,SAVC,CRD,Comodoro Rivadavia Airport,CB,Argentina,AR,-45.7853,-67.4655
314,ACC1864,2011-07-04,2011,CYQD,YQD,The Pas/Grace Lake Airport,MB,Canada,CA,53.9714012146,-101.091003418
315,ACC1868,2011-08-20,2011,CYRB,YRB,Resolute Airport,NU,Canada,CA,74.7169036865,-94.9693984985
316,ACC1870,2011-08-28,2011,xxxx,xxx,Baranikovsky Airfield,,Russia,RU,45.34574,38.02615
317,ACC1872,2011-09-02,2011,PABE,BET,Bethel Airport,AK,United States of America,US,60.7785555555556,-161.837166666667
318,ACC1873,2011-09-09,2011,xxxx,xxx,Kenyam Airstrip,,Indonesia,ID,-6.17148,106.82648
319,ACC1875,2011-09-22,2011,xxxx,xxx,Yellowknife Waterdrome,NT,Canada,CA,62.45446,-114.37094
320,ACC1876,2011-09-23,2011,PADQ,ADQ,Kodiak Airport,AK,United States of America,US,57.7497938888889,-152.493943611111
321,ACC1877,2011-10-04,2011,CYLK,YSG,Lutsel K'e Airport,NT,Canada,CA,62.4183006287,-110.6819992065
322,ACC1881,2011-10-14,2011,xxxx,xxx,Pom Pom Camp Airstrip,,Botswana,BW,-24.65528,25.91903
323,ACC1882,2011-10-27,2011,CYLW,YLW,Kelowna Airport,BC,Canada,CA,49.9561004639,-119.3779983521
324,ACC1884,2011-11-23,2011,WAYB,ZGP,Bilogai/Sugapa Airport,,Indonesia,ID,-3.73931,137.03201
325,ACC1899,2012-05-14,2012,VNJS,JMO,Jomsom Airport,,Nepal,NP,28.780426,83.723
326,ACC190,1972-01-07,1972,LEIB,IBZ,Ibiza Airport,,Spain,ES,38.8728981018,1.3731199503
327,ACC1902,2012-06-03,2012,KCDC,CDC,Cedar City Airport,UT,United States of America,US,37.70097,-113.098850833333
328,ACC1903,2012-06-10,2012,UKKB,xxx,Borodyanka Airfield,,Ukraine,UA,50.64637,29.94203
329,ACC1905,2012-06-29,2012,ZWWW,URC,Urumqi Airport,,China,CN,43.9071006775,87.4741973877
330,ACC1908,2012-07-22,2012,xxxx,xxx,Bolshoe Gryzlovo Airport,,Russia,RU,54.8045,37.62952
331,ACC192,1972-02-01,1972,EDDW,BRE,Bremen Airport,,Germany,DE,53.0475006104,8.7866697311
332,ACC1920,2012-11-18,2012,CYWG,YWG,Winnipeg International Airport,MB,Canada,CA,49.9099998474,-97.2398986816
333,ACC1925,2012-12-19,2012,xxxx,xxx,Libby Airport,MT,United States of America,US,48.27037,-115.47597
334,ACC1926,2012-12-22,2012,CYSK,YSK,Sanikiluaq Airport,NU,Canada,CA,56.5377998352,-79.2466964722
335,ACC1928,2012-12-25,2012,VYHH,HEH,Heho Airport,,Myanmar,MM,20.7469997406,96.7919998169
336,ACC1929,2013-01-29,2013,UAAA,ALA,Almaty Airport,,Kazakhstan,KZ,43.3521003723,77.0404968262
337,ACC1932,2013-03-04,2013,FZNA,GOM,Goma Airport,,Democratic Republic of the Congo,CD,-1.6708099842,29.2385005951
338,ACC1933,2013-03-08,2013,PADL,DLG,Dillingham Municipal Airport,AK,United States of America,US,59.0446666666667,-158.5055
339,ACC1940,2013-05-24,2013,xxxx,xxx,Tash Kumyr Airstrip,,Kyrgyzstan,KG,41.18545,72.17616
340,ACC1945,2013-06-10,2013,FKKD,DLA,Douala Airport,,Cameroon,CM,4.0060801506,9.7194795609
341,ACC1951,2013-06-29,2013,FBFT,FRW,Francistown Airport,,Botswana,BW,-21.1595993042,27.4745006561
342,ACC1953,2013-07-07,2013,xxxx,xxx,Bear Mountain Lodge Airstrip,AK,United States of America,US,41.31454,-73.98846
343,ACC1957,2013-08-05,2013,BIAR,AEY,Akureyri Airport,,Iceland,IS,65.6600036621,-18.0727005005
344,ACC1962,2013-08-22,2013,xxxx,xxx,Ivanhoe Lake,NT,Canada,CA,45.42178,-75.69117
345,ACC1964,2013-09-09,2013,SCVM,KNA,Viña del Mar Airport,,Chile,CL,-32.9496002197,-71.4785995483
346,ACC1965,2013-09-25,2013,CYAM,YAM,Sault Ste. Marie Airport,ON,Canada,CA,46.4850006104,-84.5093994141
347,ACC1966,2013-10-06,2013,TJCP,CPX,Culebra Airport,,Puerto Rico,PR,18.3129488888889,-65.3038802777778
348,ACC1968,2013-10-10,2013,WBKT,KUD,Kudat Airport,,Malaysia,MY,6.9225001335,116.8359985352
349,ACC1971,2013-10-14,2013,MMDA,CUA,Ciudad Constitución Airport,,Mexico,MX,25.0538005829,-111.6149978638
350,ACC1974,2013-11-10,2013,CYRL,YRL,Red Lake Airport,ON,Canada,CA,51.0668983459,-93.7930984497
351,ACC1976,2013-11-19,2013,MMCZ,CZM,Cozumel Airport,,Mexico,MX,20.5223999023,-86.9255981445
352,ACC1978,2013-11-25,2013,xxxx,xxx,Purari Airstrip,,Papua New Guinea,PG,-6.66696,146.99706
353,ACC1980,2013-11-29,2013,PASM,KSM,Saint Mary's Airport,AK,United States of America,US,62.0608308333333,-163.301836388889
354,ACC1981,2013-11-29,2013,FNLU,LAD,Luanda Airport,,Angola,AO,-8.8583698273,13.2312002182
355,ACC1982,2013-12-04,2013,SJNP,NPR,Novo Progresso Airport,PA,Brazil,BR,-7.1258330345,-55.4008331299
356,ACC1984,2013-12-11,2013,PHNL,HNL,Honolulu International Airport,HI,United States of America,US,21.3178172222222,-157.9202275
357,ACC1986,2014-01-05,2014,KASE,ASE,Aspen Airport,CO,United States of America,US,39.2218888888889,-106.868222222222
358,ACC1988,2014-01-18,2014,SYIB,IMB,Imbaimadai Airport,,Guyana,GY,5.7081098557,-60.2942008972
359,ACC1991,2014-02-16,2014,VNJL,JUM,Jumla Airport,,Nepal,NP,29.2742004395,82.1932983398
360,ACC1997,2014-04-08,2014,PABE,BET,Bethel Airport,AK,United States of America,US,60.7785555555556,-161.837166666667
361,ACC200,1972-05-04,1972,UIBB,BTK,Bratsk Airport,,Russia,RU,56.3706016541,101.6979980469
362,ACC2000,2014-05-27,2014,SUCM,xxx,Carmelo/Zagarzazú International Airport,,Uruguay,UY,-33.9661102295,-58.3252792358
363,ACC2005,2014-06-18,2014,KBHM,BHM,Birmingham Airport,AL,United States of America,US,33.5638888888889,-86.7523055555556
364,ACC2011,2014-07-23,2014,RCQC,MZG,Magong Airport,,Taiwan,TW,23.5687007904,119.6279983521
365,ACC2013,2014-08-30,2014,GABS,BKO,Bamako Airport,,Mali,ML,12.5334997177,-7.9499402046
366,ACC2017,2014-11-14,2014,xxxx,xxx,Panyagor Airstrip,,South Sudan,SS,4.83975,31.59758
367,ACC202,1972-05-08,1972,xxxx,xxx,La Centella,,Venezuela,VE,9.84801,-64.75758
368,ACC2024,2014-12-28,2014,SYKU,xxx,Karisparu Airport,,Guyana,GY,6.80858,-58.16124
369,ACC2026,2015-01-20,2015,xxxx,xxx,Shatyrkul Mine,,Kazakhstan,KZ,51.12771,71.4283
370,ACC2027,2015-02-11,2015,MBPV,PLS,Providenciales International Airport,,Turks and Caicos Islands,TC,21.7735996246,-72.2658996582
371,ACC2034,2015-04-13,2015,CYXS,YXS,Prince George Airport,BC,Canada,CA,53.8894004822,-122.6790008545
372,ACC2037,2015-05-09,2015,LEZL,SVQ,Sevilla Airport,,Spain,ES,37.4179992676,-5.8931097984
373,ACC204,1972-05-21,1972,FNLB,xxx,Lobito Airport,,Angola,AO,-12.3711996078,13.5366001129
374,ACC2041,2015-05-16,2015,EYKL,KLJ,Klaipeda Airport,,Lithuania,LT,55.7118988037,21.2427997589
375,ACC2043,2015-06-02,2015,MMQT,QRO,Querétaro Intercontinental Airport,,Mexico,MX,20.6173000336,-100.185997009
376,ACC2047,2015-06-25,2015,xxxx,WFB,Ketchikan Harbor Seaplane Base,AK,United States of America,US,56.01194,-132.82861
377,ACC2053,2015-08-01,2015,xxxx,xxx,Stancuta Airstrip,,Romania,RO,44.89654,27.8295
378,ACC2054,2015-08-20,2015,LZDB,xxx,Dubnica Airport,,Slovakia,SK,48.9968986511,18.192199707
379,ACC2055,2015-08-20,2015,LZDB,xxx,Dubnica Airport,,Slovakia,SK,48.9968986511,18.192199707
380,ACC206,1972-05-27,1972,EDWG,AGE,Wangerooge Airfield,,Germany,DE,53.7827796936,7.9138889313
381,ACC2067,2015-10-03,2015,EGVN,BZZ,Brize Norton RAF Station,,United Kingdom,GB,51.75,-1.5836199522
382,ACC2073,2015-12-07,2015,FACT,CPT,Cape Town International Airport,,South Africa,ZA,-33.9648017883,18.6016998291
383,ACC2074,2015-12-11,2015,xxxx,YAX,Angling Lake/Wapekeka Airport,ON,Canada,CA,53.8492012024,-89.5793991089
384,ACC2078,2016-01-18,2016,KTUS,TUS,Tucson International Airport,AZ,United States of America,US,32.1160691666667,-110.941013888889
385,ACC2080,2016-02-06,2016,UWOR,OSW,Orsk Airport,,Russia,RU,51.0724983215,58.5956001282
386,ACC2081,2016-02-24,2016,VNJS,JMO,Jomsom Airport,,Nepal,NP,28.780426,83.723
387,ACC2083,2016-03-09,2016,VGJR,JSR,Jessore Airport,,Bangladesh,BD,23.1837997437,89.1607971191
388,ACC2085,2016-03-19,2016,URRR,ROV,Rostov Airport,,Russia,RU,47.2582015991,39.8180999756
389,ACC2090,2016-04-13,2016,AYKI,UNG,Kiunga Airport,,Papua New Guinea,PG,-6.1257100105,141.2819976807
390,ACC2095,2016-05-18,2016,UTAM,MYP,Mary Airport,,Turkmenistan,TM,37.6194000244,61.8967018127
391,ACC2100,2016-06-30,2016,xxxx,xxx,Novopokrovskoye Airstrip,,Russia,RU,51.5765,43.59958
392,ACC2101,2016-07-01,2016,UIII,IKT,Irkutsk Airport,,Russia,RU,52.2680015564,104.388999939
393,ACC211,1972-06-29,1972,EHRD,RTM,Rotterdam Airport,,Netherlands,NL,51.9569015503,4.4372200966
394,ACC2116,2016-10-13,2016,CYBW,xxx,Calgary/Springbank Airport,AB,Canada,CA,51.103099823,-114.374000549
395,ACC2117,2016-10-14,2016,xxxx,xxx,Dunnellon/Marion County Airport,FL,United States of America,US,29.06216,-82.36858
396,ACC2129,2017-01-26,2017,YSEN,xxx,Serpentine Airport,WA,Australia,AU,-32.3949661255,115.8709869385
397,ACC2136,2017-03-27,2017,FVMU,UTA,Mutare Airfield,,Zimbabwe,ZW,-18.9974994659,32.6272010803
398,ACC2141,2017-04-12,2017,WAJO,OKL,Oksibil Airport,,Indonesia,ID,-5.0910601616,140.6100006104
399,ACC2146,2017-05-01,2017,PAPE,KPV,Perryville Airport,AK,United States of America,US,55.9067236111111,-159.160829166667
400,ACC2159,2017-07-25,2017,SYET,xxx,Eteringbang Airport,,Guyana,GY,6.80858,-58.16124
401,ACC216,1972-07-11,1972,xxxx,xxx,Tsimmermanovka Airstrip,,Russia,RU,51.34152,139.24557
402,ACC2164,2017-09-02,2017,xxxx,xxx,Chernoye Airport,,Russia,RU,43.44806,39.93555
403,ACC217,1972-07-12,1972,KALM,ALM,Alamogordo Municipal Airport,NM,United States of America,US,32.8394166666667,-105.991138888889
404,ACC2171,2017-10-03,2017,UAII,CIT,Shymkent Airport,,Kazakhstan,KZ,42.364200592,69.4788970947
405,ACC2173,2017-10-12,2017,FNLU,LAD,Luanda Airport,,Angola,AO,-8.8583698273,13.2312002182
406,ACC2175,2017-10-19,2017,SPCL,PCL,Pucallpa Airport,,Peru,PE,-8.3779401779,-74.5743026733
407,ACC2179,2017-11-07,2017,xxxx,xxx,Udskoye Airstrip,,Russia,RU,54.5098,134.41178
408,ACC2181,2017-11-15,2017,UHNX,xxx,Nelkan Airport,,Russia,RU,43.44806,39.93555
409,ACC2186,2017-12-14,2017,EDNY,FDH,Friedrichshafen Airport,,Germany,DE,47.6712989807,9.5114898682
410,ACC219,1972-07-29,1972,SKYP,EYP,El Yopal Airport,,Colombia,CO,5.31911,-72.384
411,ACC2199,2018-05-16,2018,VNST,IMK,Simikot Airport,,Nepal,NP,29.9710998535,81.818901062
412,ACC2213,2018-07-27,2018,xxxx,xxx,Nsumbula Airstrip,,Democratic Republic of the Congo,CD,-4.31047,15.28932
413,ACC2214,2018-08-04,2018,LSMD,xxx,Dübendorf Air Base,,Switzerland,CH,47.398601532,8.648229599
414,ACC2224,2018-09-28,2018,PTKK,TKK,Chuuk/Weno International Airport,,Micronesia,FM,7.46189083333333,151.843017222222
415,ACC2230,2018-12-08,2018,YBHB,xxx,Bathurst Harbour Airport,TAS,Australia,AU,-43.4207000732,146.1560058594
416,ACC2235,2019-01-30,2019,xxxx,YLE,Whatì/Lac La Martre Airport,NT,Canada,CA,63.1316986084,-117.2460021973
417,ACC224,1972-08-27,1972,SVCB,CBL,Ciudad Bolívar Airport,,Venezuela,VE,8.1221609116,-63.5369567871
418,ACC2244,2019-05-13,2019,xxxx,WFB,Ketchikan Harbor Seaplane Base,AK,United States of America,US,56.01194,-132.82861
419,ACC225,1972-09-01,1972,AYMN,MDU,Mendi Airport,,Papua New Guinea,PG,-6.1477398872,143.6569976807
420,ACC2252,2019-07-26,2019,xxxx,YHC,Hakai Pass Seaplane Base,BC,Canada,CA,48.94706,-125.55883
421,ACC2256,2019-08-04,2019,xxxx,xxx,Fakhrabad Airfield,,Tajikistan,TJ,38.56792,68.77152
422,ACC2257,2019-08-06,2019,CYMA,YMA,Mayo Airport,YT,Canada,CA,63.6164016724,-135.8679962158
423,ACC226,1972-09-10,1972,HAGN,GDQ,Gondar Airport,,Ethiopia,ET,12.519900322,37.4339981079
424,ACC2273,2019-11-24,2019,FZNP,BNC,Beni Airport,,Democratic Republic of the Congo,CD,0.5749999881,29.4738998413
425,ACC2276,2019-12-27,2019,UACC,NQZ,Nursultan Nazarbayev International Airport,,Kazakhstan,KZ,51.0222015381,71.4669036865
426,ACC2281,2020-01-23,2020,FAGG,GRJ,George Airport,,South Africa,ZA,-34.0055999756,22.378900528
427,ACC2282,2020-01-23,2020,YSRI,XRH,Richmond RAAF Base,NSW,Australia,AU,-33.6006011963,150.7810058594
428,ACC229,1972-11-13,1972,UNII,EIE,Yeniseysk Airport,,Russia,RU,58.4742012024,92.1125030518
429,ACC2293,2020-03-17,2020,KHYS,HYS,Hays Municipal Airport,KS,United States of America,US,38.8422222222222,-99.2731666666667
430,ACC2297,2020-05-04,2020,xxxx,xxx,Bardale Airstrip,,Somalia,SO,7.06583,47.87116
431,ACC230,1972-11-15,1972,YBAS,ASP,Alice Springs Airport,NT,Australia,AU,-23.8066997528,133.9019927979
432,ACC2302,2020-07-13,2020,UWGB,xxx,Bolshoye Boldino Airport,,Russia,RU,55.0200004578,45.3149986267
433,ACC2304,2020-07-19,2020,xxxx,xxx,Kyren Airport,,Russia,RU,55.75696,37.61502
434,ACC2308,2020-08-22,2020,HSWW,WUU,Wau Airport,,South Sudan,SS,7.7258300781,27.9750003815
435,ACC231,1972-11-17,1972,CYYT,YYT,St. John's Airport,NL,Canada,CA,47.618598938,-52.7518997192
436,ACC2317,2021-01-09,2021,KBOI,BOI,Boise Air Terminal,ID,United States of America,US,43.5643611111111,-116.222861111111
437,ACC2325,2021-03-01,2021,ZSGZ,KOW,Ganzhou Airport,,China,CN,25.825799942,114.912002563
438,ACC2326,2021-03-02,2021,xxxx,xxx,Yuai Airstrip,,South Sudan,SS,4.83975,31.59758
439,ACC233,1972-12-05,1972,HECA,CAI,Cairo International Airport,,Egypt,EG,30.1219005585,31.4055995941
440,ACC2338,2021-06-19,2021,xxxx,xxx,Tanay Airfield,,Russia,RU,55.75696,37.61502
441,ACC234,1972-12-08,1972,xxxx,RWP,Rawalpindi,,Pakistan,PK,33.58874,73.04549
442,ACC2344,2021-07-26,2021,KTRK,TKF,Truckee Airport,CA,United States of America,US,39.3200555555556,-120.139583333333
443,ACC2345,2021-07-26,2021,EDWY,NRD,Norderney Airfield,,Germany,DE,53.706943512,7.2300000191
444,ACC2348,2021-09-12,2021,UITK,xxx,Kazachinskoye Airport,,Russia,RU,56.2801513672,107.567565918
445,ACC2350,2021-09-15,2021,WAYB,ZGP,Bilogai/Sugapa Airport,,Indonesia,ID,-3.73931,137.03201
446,ACC2353,2021-10-10,2021,UWKP,xxx,Menzelinsk Airport,,Russia,RU,55.29696,61.51207
447,ACC2357,2021-11-02,2021,HSMB,xxx,Maban Airstrip,,South Sudan,SS,4.83975,31.59758
448,ACC2358,2021-11-03,2021,UIII,IKT,Irkutsk Airport,,Russia,RU,52.2680015564,104.388999939
449,ACC236,1973-01-02,1973,CYEG,YEG,Edmonton International Airport,AB,Canada,CA,53.3097000122,-113.580001831
450,ACC2364,2021-12-23,2021,FZMW,xxx,Shabunda Airport,,Democratic Republic of the Congo,CD,-2.6830000877,27.3330001831
451,ACC2374,2022-03-21,2022,ZGGG,CAN,Guangzhou Baiyun International Airport,,China,CN,23.3924007416,113.2990036011
452,ACC2376,2022-04-13,2022,KBYI,BYI,Burley Municipal Airport,ID,United States of America,US,42.5426111111111,-113.771527777778
453,ACC2378,2022-04-22,2022,UKLU,UDJ,Uzhgorod Airport,,Ukraine,UA,48.6343002319,22.2633991241
454,ACC238,1973-01-21,1973,USPP,PEE,Perm Airport,,Russia,RU,57.9145011902,56.0211982727
455,ACC2381,2022-05-29,2022,VNJS,JMO,Jomsom Airport,,Nepal,NP,28.780426,83.723
456,ACC2382,2022-06-03,2022,KOKB,OCN,Oceanside Municipal Airport,CA,United States of America,US,33.2179763888889,-117.3515075
457,ACC239,1973-01-29,1973,LCNC,NIC,Nicosia Airport,,Cyprus,CY,35.17197,33.36489
458,ACC2390,2022-07-29,2022,xxxx,xxx,Raeford West Airport,NC,United States of America,US,35.0182,-79.18943
459,ACC2391,2022-09-03,2022,EPPT,xxx,Piotrków Trybunalski Airport,,Poland,PL,51.3830986023,19.6882991791
460,ACC2392,2022-09-04,2022,KRNT,RNT,Renton Airport,WA,United States of America,US,47.4931388888889,-122.21575
461,ACC2398,2022-11-06,2022,HTBU,BKZ,Bukoba Airport,,Tanzania,TZ,-1.332,31.8212
462,ACC2399,2022-11-18,2022,KRNT,RNT,Renton Airport,WA,United States of America,US,47.4931388888889,-122.21575
463,ACC243,1973-02-24,1973,UTDL,LBD,Leninabad Airport,,Tajikistan,TJ,40.2154006958,69.6947021484
464,ACC245,1973-02-28,1973,UAKK,KGF,Karaganda Airport,,Kazakhstan,KZ,49.6707992554,73.3343963623
465,ACC246,1973-02-28,1973,WABT,EWI,Enarotali Airport,,Indonesia,ID,-3.9258999825,136.3769989014
466,ACC249,1973-03-09,1973,USHK,xxx,Kondinskoye Airport,,Russia,RU,59.6550827026,67.4300460815
467,ACC252,1973-04-10,1973,LFSB,BSL,Basel/Mulhouse Airport,,France,FR,47.5895996094,7.5299100876
468,ACC254,1973-05-18,1973,UIAA,HTA,Chita Airport,,Russia,RU,52.0262985229,113.3059997559
469,ACC255,1973-06-09,1973,xxxx,xxx,Casey,QC,Canada,CA,47.88852,-74.17518
470,ACC256,1973-07-09,1973,UKFF,SIP,Simferopol Airport,,Russia,RU,45.0522003174,33.9751014709
471,ACC258,1973-07-12,1973,KEKO,EKO,Elko Airport,NV,United States of America,US,40.825,-115.791333333333
472,ACC260,1973-09-11,1973,LYPG,TGD,Titograd Airport,,Montenegro,ME,42.3594017029,19.2518997192
473,ACC261,1973-09-29,1973,SBEK,JCR,Jacareacanga Airport,PA,Brazil,BR,-6.2331600189,-57.7769012451
474,ACC262,1973-10-02,1973,UHMM,GDX,Magadan Airport,,Russia,RU,59.9109992981,150.7200012207
475,ACC264,1973-10-10,1973,xxxx,xxx,Darvaza Airport,,Turkmenistan,TM,40.0687,53.10512
476,ACC268,1973-12-15,1973,SVMI,CCS,Caracas Airport,,Venezuela,VE,10.6031169891,-66.9905853271
477,ACC270,1974-01-25,1974,UWUU,UFA,Ufa Airport,,Russia,RU,54.5574989319,55.8744010925
478,ACC271,1974-01-30,1974,NSTU,PPG,Pago Pago International Airport,,American Samoa,AS,-14.3316622222222,-170.711503055556
479,ACC272,1974-02-20,1974,VVDN,DAD,Da Nang Airport,,Vietnam,VN,16.0438995361,108.1989974976
480,ACC273,1974-02-22,1974,SLOR,ORU,Oruro Airport,,Bolivia,BO,-17.962600708,-67.0762023926
481,ACC274,1974-02-22,1974,KATL,ATL,Atlanta Municipal Airport,GA,United States of America,US,33.6366996111111,-84.427864
482,ACC275,1974-02-27,1974,CYFB,YFB,Frobisher Bay Airport,NU,Canada,CA,63.756401062,-68.5558013916
483,ACC276,1974-03-22,1974,USHS,OVS,Sovetsky Airport,,Russia,RU,61.3266220093,63.6019134521
484,ACC279,1974-05-02,1974,URMM,MRV,Mineralnye Vody Airport,,Russia,RU,44.2251014709,43.0819015503
485,ACC280,1974-06-12,1974,xxxx,WTR,White River Airport,AZ,United States of America,US,33.83486,-109.96493
486,ACC281,1974-06-24,1974,KSAV,SAV,Savannah International Airport,GA,United States of America,US,32.1275833333333,-81.2021388888889
487,ACC284,1974-07-10,1974,HECA,CAI,Cairo International Airport,,Egypt,EG,30.1219005585,31.4055995941
488,ACC286,1974-08-07,1974,SKQU,MQU,Mariquita Airport,,Colombia,CO,5.21256,-74.8836
489,ACC287,1974-08-11,1974,DRRN,NIM,Niamey Airport,,Niger,NE,13.4814996719,2.1836099625
490,ACC288,1974-08-14,1974,SVMG,PMV,Porlamar Airport,,Venezuela,VE,10.9126033783,-63.9665985107
491,ACC291,1974-09-30,1974,PADQ,ADQ,Kodiak Airport,AK,United States of America,US,57.7497938888889,-152.493943611111
492,ACC292,1974-10-27,1974,PABT,BTT,Bettles Airport,AK,United States of America,US,66.9139444444445,-151.529055555556
493,ACC293,1974-10-30,1974,CYOX,YOX,Rea Point Airfield,NT,Canada,CA,48.40658,-123.3503
494,ACC294,1974-11-20,1974,HABE,BEI,Beica Airport,,Ethiopia,ET,9.3863897324,34.521900177
495,ACC295,1974-11-20,1974,FAJS,JNB,Johannesburg International Airport,,South Africa,ZA,-26.133667,28.242333
496,ACC296,1974-12-04,1974,UITK,xxx,Kazachinskoye Airport,,Russia,RU,56.2801513672,107.567565918
497,ACC299,1974-12-14,1974,UTDD,DYU,Dushanbe Airport,,Tajikistan,TJ,38.5433006287,68.8249969482
498,ACC300,1974-12-26,1974,KOKH,ODW,Oak Harbor Airport,WA,United States of America,US,48.2515277777778,-122.673666666667
499,ACC301,1974-12-26,1974,DXXX,LFW,Lome Airport,,Togo,TG,6.1656098366,1.2545100451
500,ACC304,1975-01-08,1975,SKFL,FLA,Florencia Airport,,Colombia,CO,1.58919,-75.5644
501,ACC305,1975-01-09,1975,KLAX,LAX,Los Angeles International Airport,CA,United States of America,US,33.9424963888889,-118.408048611111
502,ACC308,1975-02-01,1975,KACY,ACY,Atlantic City International Airport,NJ,United States of America,US,39.4575833333333,-74.5771666666667
503,ACC309,1975-02-01,1975,KUTS,HTV,Huntsville Airport,TX,United States of America,US,30.7468888888889,-95.5871666666667
504,ACC310,1975-02-16,1975,xxxx,xxx,Happy Valley Camp,AK,United States of America,US,59.94958,-151.72986
505,ACC312,1975-03-01,1975,ORBI,BGW,Baghdad International Airport,,Iraq,IQ,33.2625007629,44.2346000671
506,ACC313,1975-03-16,1975,SAZS,BRC,San Carlos de Bariloche International Airport,RN,Argentina,AR,-41.1511993408,-71.1575012207
507,ACC317,1975-04-26,1975,KJAN,JAN,Jackson Municipal Airport,MS,United States of America,US,32.3111666666667,-90.0758888888889
508,ACC320,1975-05-29,1975,KRKW,RKW,Rockwood Municipal Airport,TN,United States of America,US,35.9223333333333,-84.6897777777778
509,ACC321,1975-06-03,1975,RPLL,MNL,Manila Airport,,Philippines,PH,14.508600235,121.019996643
510,ACC325,1975-08-09,1975,UIUB,xxx,Bagdarin Airport,,Russia,RU,54.3692016602,113.4789962769
511,ACC327,1975-08-30,1975,PAGM,GAM,Gambell Airport,AK,United States of America,US,63.7666163888889,-171.732783888889
512,ACC329,1975-09-11,1975,HADM,DBM,Debre Markos Airport,,Ethiopia,ET,10.3500003815,37.716999054
513,ACC331,1975-09-25,1975,CYER,YER,Fort Severn Airport,ON,Canada,CA,56.018901825,-87.6761016846
514,ACC333,1975-09-30,1975,CYDL,YDL,Dease Lake Airport,BC,Canada,CA,58.4221992493,-130.0319976807
515,ACC335,1975-10-22,1975,ULNN,NVR,Novgorod Airport,,Russia,RU,58.52339,31.27008
516,ACC336,1975-10-23,1975,YBCS,CNS,Cairns Airport,QLD,Australia,AU,-16.885799408,145.755004883
517,ACC339,1975-11-20,1975,UKHH,HRK,Kharkov Airport,,Ukraine,UA,49.9248008728,36.2900009155
518,ACC341,1976-01-01,1976,OMDB,DXB,Dubai Airport,,United Arab Emirates,AE,25.2527999878,55.3643989563
519,ACC342,1976-01-27,1976,MMMX,MEX,Mexico City International Airport,,Mexico,MX,19.4363002777,-99.0720977783
520,ACC343,1976-01-30,1976,UAFM,FRU,Frunze Airport,,Kyrgyzstan,KG,43.0612983704,74.4776000977
521,ACC345,1976-02-24,1976,CYZF,YZF,Yellowknife Airport,NT,Canada,CA,62.4627990723,-114.4400024414
522,ACC349,1976-03-24,1976,UTAA,ASB,Ashgabat Airport,,Turkmenistan,TM,37.9868011475,58.361000061
523,ACC350,1976-04-05,1976,PAKT,KTN,Ketchikan International Airport,AK,United States of America,US,55.3540833333333,-131.711222222222
524,ACC351,1976-04-14,1976,SAZW,CUT,Cutral Airport,NE,Argentina,AR,-38.9397010803,-69.2646026611
525,ACC354,1976-06-06,1976,WBKK,BKI,Kota Kinabalu Airport,,Malaysia,MY,5.937210083,116.0510025024
526,ACC355,1976-06-12,1976,UIUN,xxx,Nizhneangarsk Airport,,Russia,RU,55.8008003235,109.5950012207
527,ACC356,1976-06-26,1976,xxxx,xxx,Cheremshan Airstrip,,Russia,RU,54.65355,51.50009
528,ACC357,1976-07-22,1976,PADU,DUT,Dutch Harbor Naval Air Station,AK,United States of America,US,53.8989444444444,-166.545027777778
529,ACC358,1976-08-06,1976,YMAV,AVV,Avalon Airport,VIC,Australia,AU,-38.0393981934,144.468994141
530,ACC362,1976-09-04,1976,xxxx,xxx,Timmins/Porcupine Lake Water Aerodrome,ON,Canada,CA,48.49434,-81.15988
531,ACC364,1976-09-08,1976,LEST,SCQ,Santiago de Compostela Airport,,Spain,ES,42.8963012695,-8.415140152
532,ACC365,1976-09-09,1976,UKFK,KHC,Kerch Airport,,Ukraine,UA,45.3725013733,36.4014015198
533,ACC366,1976-09-09,1976,URSS,AER,Adler/Sochi Airport,,Russia,RU,43.4499015808,39.9566001892
534,ACC367,1976-09-10,1976,EDDK,CGN,Köln/Bonn Airport,,Germany,DE,50.8658981323,7.1427397728
535,ACC369,1976-09-22,1976,xxxx,xxx,Babine Lake,BC,Canada,CA,54.82236,-126.78958
536,ACC371,1976-12-16,1976,UKDE,OZH,Zaporozhye Airport,,Ukraine,UA,47.8670005798,35.315700531
537,ACC372,1976-12-30,1976,SPST,TPP,Tarapoto Airport,,Peru,PE,-6.5087399483,-76.3731994629
538,ACC374,1977-01-14,1977,CYXT,YXT,Terrace Airport,BC,Canada,CA,54.46849823,-128.5760040283
539,ACC376,1977-01-18,1977,LQSA,SJJ,Sarajevo Airport,,Bosnia and Herzegovina,BA,43.8246002197,18.3314990997
540,ACC378,1977-01-31,1977,PAOM,OME,Nome Airport,AK,United States of America,US,64.5125555555556,-165.444388888889
541,ACC379,1977-02-15,1977,URMM,MRV,Mineralnye Vody Airport,,Russia,RU,44.2251014709,43.0819015503
542,ACC380,1977-02-28,1977,CYZG,YZG,Salluit Airport,QC,Canada,CA,62.1794013977,-75.6671981812
543,ACC381,1977-03-01,1977,ODSY,GXF,Sayun Airport,,Yemen,YE,15.9660997391,48.7882995605
544,ACC382,1977-03-18,1977,xxxx,xxx,Forish Airstrip,,Uzbekistan,UZ,41.32569,69.24134
545,ACC383,1977-03-30,1977,UKCM,MPW,Zhdanov Airport,,Ukraine,UA,47.0760993958,37.4496002197
546,ACC385,1977-04-09,1977,KRDG,RDG,Reading Municipal Airport/Spaatz Field,PA,United States of America,US,40.3784986111111,-75.9652472222222
547,ACC386,1977-04-18,1977,KMSY,MSY,New Orleans International Airport,LA,United States of America,US,29.9932777777778,-90.2590277777778
548,ACC388,1977-05-07,1977,UHPT,xxx,Tilichiki,,Russia,RU,60.3828010559,166.0260009766
549,ACC389,1977-05-13,1977,OLBA,BEY,Beirut International Airport,,Lebanon,LB,33.8208999634,35.4883995056
550,ACC390,1977-05-26,1977,LGEL,xxx,Elefsis Air Base,,Greece,GR,38.0638008118,23.5559997559
551,ACC393,1977-07-08,1977,UKKG,KGO,Kirovograd Airport,,Ukraine,UA,48.5428009033,32.2849998474
552,ACC394,1977-07-20,1977,UIII,IKT,Irkutsk Airport,,Russia,RU,52.2680015564,104.388999939
553,ACC395,1977-07-20,1977,HAJM,JIM,Jimma Airport,,Ethiopia,ET,7.6660900116,36.8166007996
554,ACC396,1977-07-21,1977,xxxx,xxx,Colorado Creek,AK,United States of America,US,63.15202,-149.40966
555,ACC397,1977-08-04,1977,PABT,BTT,Bettles Airport,AK,United States of America,US,66.9139444444445,-151.529055555556
556,ACC399,1977-09-06,1977,PANC,ANC,Anchorage International Airport,AK,United States of America,US,61.1740847222222,-149.9981375
557,ACC400,1977-09-08,1977,VYKG,KET,Keng Tung Airport,,Myanmar,MM,21.3015995026,99.6360015869
558,ACC401,1977-09-12,1977,PANC,ANC,Anchorage International Airport,AK,United States of America,US,61.1740847222222,-149.9981375
559,ACC403,1977-10-13,1977,UKON,NLV,Nikolaev Airport,,Ukraine,UA,47.0578994751,31.9197998047
560,ACC404,1977-10-13,1977,EDDF,FRA,Frankfurt International Airport,,Germany,DE,50.0264015198,8.543129921
561,ACC405,1977-10-18,1977,RPLL,MNL,Manila International Airport,,Philippines,PH,14.508600235,121.019996643
562,ACC406,1977-11-03,1977,MMSC,SZT,San Cristóbal de las Casas Airport,,Mexico,MX,16.6902999878,-92.5300979614
563,ACC407,1977-11-21,1977,PAOT,OTZ,Kotzebue Airport,AK,United States of America,US,66.8848055555556,-162.598138888889
564,ACC408,1977-12-04,1977,WMKK,KUL,Kuala Lumpur Subang International Airport,,Malaysia,MY,2.745579958,101.7099990845
565,ACC409,1977-12-18,1977,KSLC,SLC,Salt Lake City International Airport,UT,United States of America,US,40.7883933333333,-111.977773333333
566,ACC410,1977-12-21,1977,CYSR,YSR,Nanisivik Airport,NU,Canada,CA,73.03552,-84.53044
567,ACC413,1978-01-18,1978,KPUB,PUB,Pueblo Memorial Airport,CO,United States of America,US,38.2899475,-104.498028055556
568,ACC414,1978-01-20,1978,xxxx,xxx,Tanunak,AK,United States of America,US,58.29973,-134.40679
569,ACC416,1978-01-28,1978,SKSV,SVI,San Vicente Airport,,Colombia,CO,2.15217,-74.7663
570,ACC418,1978-02-10,1978,KSEA,SEA,Seattle/Tacoma International Airport,WA,United States of America,US,47.4498888888889,-122.311777777778
571,ACC419,1978-02-11,1978,CYXC,YXC,Cranbrook Airport,BC,Canada,CA,49.6108016968,-115.7819976807
572,ACC422,1978-03-01,1978,DNKN,KAN,Kano International Airport,,Nigeria,NG,12.0475997925,8.5246200562
573,ACC423,1978-03-01,1978,PHNL,HNL,Honolulu International Airport,HI,United States of America,US,21.3178172222222,-157.9202275
574,ACC430,1978-04-29,1978,KTUL,TUL,Tulsa International Airport,OK,United States of America,US,36.1983936111111,-95.8881055555556
575,ACC431,1978-05-08,1978,KPNS,PNS,Pensacola Regional Airport,FL,United States of America,US,30.4734166666667,-87.1866111111111
576,ACC433,1978-05-18,1978,KMEM,MEM,Memphis International Airport,TN,United States of America,US,35.0424113888889,-89.9766791666667
577,ACC435,1978-06-26,1978,CYWG,YWG,Winnipeg International Airport,MB,Canada,CA,49.9099998474,-97.2398986816
578,ACC437,1978-08-17,1978,RPLL,MNL,Manila Airport,,Philippines,PH,14.508600235,121.019996643
579,ACC438,1978-08-26,1978,VYBG,BPE,Bagan Airport,,Myanmar,MM,21.1788005829,94.9301986694
580,ACC439,1978-09-03,1978,FVHA,HRE,Salisbury Airport,,Zimbabwe,ZW,-17.9318008423,31.0928001404
581,ACC440,1978-09-08,1978,xxxx,xxx,Yablunivka Airstrip,,Ukraine,UA,50.45047,32.15689
582,ACC442,1978-09-25,1978,KSAN,SAN,San Diego International Airport,CA,United States of America,US,32.7335627777778,-117.189663333333
583,ACC444,1978-10-23,1978,UKFF,SIP,Simferopol Airport,,Russia,RU,45.0522003174,33.9751014709
584,ACC446,1978-11-05,1978,xxxx,xxx,Um Barka Oil Field Airstrip,,Egypt,EG,30.04427,31.23525
585,ACC449,1978-12-04,1978,PANC,ANC,Anchorage International Airport,AK,United States of America,US,61.1740847222222,-149.9981375
586,ACC450,1978-12-09,1978,UESU,xxx,Zyryanka Airport,,Russia,RU,65.7367019653,150.705001831
587,ACC451,1978-12-16,1978,OPKC,KHI,Karachi International Airport,,Pakistan,PK,24.9064998627,67.1607971191
588,ACC452,1978-12-19,1978,UTSS,SKD,Samarkand Airport,,Uzbekistan,UZ,39.7005004883,66.9838027954
589,ACC453,1978-12-24,1978,MBJT,GDT,Grand Turk Island Airport,,Turks and Caicos Islands,TC,21.4444999695,-71.1423034668
590,ACC454,1979-01-02,1979,xxxx,xxx,Mawson Station,,Antarctica,AQ,-80.41318,20.67103
591,ACC456,1979-01-18,1979,UUOB,EGO,Belgorod Airport,,Russia,RU,50.6437988281,36.5900993347
592,ACC458,1979-01-28,1979,LFCR,RDZ,Rodez Airport,,France,FR,44.4079017639,2.4826700687
593,ACC459,1979-02-12,1979,FVHA,HRE,Salisbury Airport,,Zimbabwe,ZW,-17.9318008423,31.0928001404
594,ACC461,1979-02-17,1979,NZAA,AKL,Auckland International Airport,,New Zealand,NZ,-37.0080986023,174.7920074463
595,ACC462,1979-03-10,1979,KSMX,xxx,Santa Maria Airport,CA,United States of America,US,34.8999444444444,-120.458083333333
596,ACC465,1979-03-22,1979,EVLA,LPX,Liepaya Airport,,Latvia,LV,56.5175018311,21.0969009399
597,ACC466,1979-03-26,1979,UNIB,BKT,Baykit Airport,,Russia,RU,61.676700592,96.3550033569
598,ACC471,1979-05-26,1979,MYBS,BIM,Bimini International Airport,,Bahamas,BS,25.6998996735,-79.2647018433
599,ACC473,1979-07-20,1979,PHNL,HNL,Honolulu International Airport,HI,United States of America,US,21.3178172222222,-157.9202275
600,ACC475,1979-07-23,1979,OLBA,BEY,Beirut International Airport,,Lebanon,LB,33.8208999634,35.4883995056
601,ACC476,1979-08-02,1979,KCAK,CAK,Akron/Canton Regional Airport,OH,United States of America,US,40.9150555555556,-81.4436388888889
602,ACC477,1979-08-11,1979,LUKK,KIV,Kishinev Airport,,Moldova,MD,46.9277000427,28.9309997559
603,ACC479,1979-08-24,1979,UNKL,KJA,Krasnoyarsk Airport,,Russia,RU,56.1729011536,92.4933013916
604,ACC481,1979-08-29,1979,CYFB,YFB,Frobisher Bay Airport,NU,Canada,CA,63.756401062,-68.5558013916
605,ACC485,1979-09-18,1979,CYZT,YZT,Port Hardy Airport,BC,Canada,CA,50.6805992126,-127.3669967651
606,ACC486,1979-10-30,1979,PABT,BTT,Bettles Airport,AK,United States of America,US,66.9139444444445,-151.529055555556
607,ACC489,1979-11-01,1979,CYTL,YTL,Big Trout Airport,ON,Canada,CA,53.8177986145,-89.8968963623
608,ACC491,1979-11-05,1979,AYKT,KZF,Kaintiba Airport,,Papua New Guinea,PG,-7.50025,146.033833333
609,ACC492,1979-11-16,1979,ULWW,VGD,Vologda Airport,,Russia,RU,59.2825012207,39.9444007874
610,ACC493,1979-11-21,1979,SAWO,USH,Ushuaia Airport,TF,Argentina,AR,-54.8227,-68.3043
611,ACC496,1979-11-26,1979,OPKC,KHI,Karachi International Airport,,Pakistan,PK,24.9064998627,67.1607971191
612,ACC497,1979-11-28,1979,NZCH,CHC,Christchurch International Airport,,New Zealand,NZ,-43.4893989563,172.5319976807
613,ACC499,1979-12-03,1979,PASH,SHH,Shishmaref Airport,AK,United States of America,US,66.2495833333333,-166.089361111111
614,ACC500,1979-12-22,1979,SPEP,xxx,Puerto Esperanza Airport,,Peru,PE,-9.7681303024,-70.7064971924
615,ACC501,1980-02-06,1980,FKKN,NGE,N'Gaoundéré Airport,,Cameroon,CM,7.3570098877,13.5592002869
616,ACC504,1980-03-20,1980,ZGCS,CSX,Changsha Datuopu Airport,,China,CN,28.1891994476,113.2200012207
617,ACC505,1980-04-14,1980,UNII,EIE,Yeniseysk Airport,,Russia,RU,58.4742012024,92.1125030518
618,ACC508,1980-05-13,1980,MUVR,VRA,Varadero Airport,,Cuba,CU,23.0344009399,-81.4353027344
619,ACC509,1980-05-19,1980,KMSY,MSY,New Orleans International Airport,LA,United States of America,US,29.9932777777778,-90.2590277777778
620,ACC510,1980-06-08,1980,xxxx,JMB,Jamba Airport,,Angola,AO,-8.81567,13.23287
621,ACC511,1980-06-12,1980,UTDD,DYU,Dushanbe Airport,,Tajikistan,TJ,38.5433006287,68.8249969482
622,ACC513,1980-06-22,1980,KSEA,SEA,Seattle/Tacoma International Airport,WA,United States of America,US,47.4498888888889,-122.311777777778
623,ACC515,1980-07-07,1980,MMGL,GDL,Guadalajara International Airport,,Mexico,MX,20.5217990875,-103.3109970093
624,ACC518,1980-08-03,1980,PADL,DLG,Dillingham Municipal Airport,AK,United States of America,US,59.0446666666667,-158.5055
625,ACC524,1980-08-19,1980,OEJD,JED,Jeddah International Airport,,Saudi Arabia,SA,21.679599762,39.15650177
626,ACC530,1980-09-22,1980,BIEG,EGS,Egilsstadir Airport,,Iceland,IS,65.2833023071,-14.4013996124
627,ACC534,1980-12-22,1980,OPKC,KHI,Karachi International Airport,,Pakistan,PK,24.9064998627,67.1607971191
628,ACC536,1981-03-02,1981,OPPS,PEW,Peshawar Airport,,Pakistan,PK,33.9939002991,71.5146026611
629,ACC537,1981-04-28,1981,xxxx,xxx,Lazo Airfield,,Russia,RU,55.75696,37.61502
630,ACC540,1981-05-20,1981,MMOX,OAX,Oaxaca Airport,,Mexico,MX,16.9999008179,-96.726600647
631,ACC544,1981-06-14,1981,UIUN,xxx,Nizhneangarsk Airport,,Russia,RU,55.8008003235,109.5950012207
632,ACC547,1981-07-01,1981,PANC,ANC,Anchorage International Airport,AK,United States of America,US,61.1740847222222,-149.9981375
633,ACC548,1981-07-08,1981,KSBA,SBA,Santa Barbara Municipal Airport,CA,United States of America,US,34.4261913611111,-119.841492694444
634,ACC549,1981-07-14,1981,PAKN,AKN,King Salmon Airport,AK,United States of America,US,58.6764934722222,-156.648691
635,ACC550,1981-07-15,1981,PAVC,KVC,King Cove Airport,AK,United States of America,US,55.1163841666667,-162.266535555556
636,ACC551,1981-07-20,1981,HCMH,HGA,Hargeisa Airport,,Somalia,SO,9.5181703568,44.0887985229
637,ACC552,1981-07-31,1981,xxxx,xxx,Coclecito,,Panama,PA,8.80706,-80.55725
638,ACC553,1981-07-31,1981,SCOH,xxx,Villa O'Higgins Airport,,Chile,CL,-48.4692115784,-72.5643157959
639,ACC554,1981-08-29,1981,UHBE,xxx,Zeya Airport,,Russia,RU,53.6904983521,127.0907974243
640,ACC559,1981-10-06,1981,EHEH,EIN,Eindhoven Airport,,Netherlands,NL,51.4500999451,5.3745298386
641,ACC560,1981-11-16,1981,UOOO,NSK,Noril'sk Airport,,Russia,RU,69.3110961914,87.3321990967
642,ACC568,1982-02-09,1982,xxxx,ICO,Sicogon Island Airport,,Philippines,PH,14.60487,120.98627
643,ACC574,1982-03-11,1982,ENMR,MEH,Mehamn Airport,,Norway,NO,71.0297012329,27.8267002106
644,ACC577,1982-03-26,1982,EDMO,OBF,Oberpfaffenhofen Airport,,Germany,DE,48.081401825,11.2831001282
645,ACC580,1982-05-06,1982,KMCO,MCO,Orlando International Airport,FL,United States of America,US,28.4293888888889,-81.309
646,ACC581,1982-05-09,1982,ODAA,ADE,Aden International Airport,,Yemen,YE,12.8295001984,45.0288009644
647,ACC583,1982-05-11,1982,LHDK,xxx,Dunakeszi Airport,,Hungary,HU,47.613899231,19.1432991028
648,ACC591,1982-06-12,1982,SBTT,TBT,Tabatinga Internacional Airport,AM,Brazil,BR,-4.2556700706,-69.935798645
649,ACC592,1982-07-11,1982,RPMZ,ZAM,Zamboanga Airport,,Philippines,PH,6.9224200249,122.0599975586
650,ACC598,1982-09-01,1982,SELO,LOH,Loja Airport,,Ecuador,EC,-3.9958899021,-79.3719024658
651,ACC599,1982-09-03,1982,SBPV,PVH,Porto Velho Airport,RO,Brazil,BR,-8.7092895508,-63.9023017883
652,ACC603,1982-12-07,1982,KPUB,PUB,Pueblo Memorial Airport,CO,United States of America,US,38.2899475,-104.498028055556
653,ACC604,1982-12-23,1982,UTAK,KRW,Krasnovodsk Airport,,Turkmenistan,TM,40.0633010864,53.0071983337
654,ACC605,1983-01-11,1983,CYYZ,YYZ,Toronto International Airport,ON,Canada,CA,43.6772003174,-79.6305999756
655,ACC607,1983-01-20,1983,KPDX,PDX,Portland International Airport,OR,United States of America,US,45.5887088611111,-122.596869416667
656,ACC609,1983-03-10,1983,OAKB,KBL,Kabul Airport,,Afghanistan,AF,34.5658988953,69.2123031616
657,ACC610,1983-03-11,1983,SVBM,BRM,Barquisimeto Airport,,Venezuela,VE,10.0427465439,-69.3586196899
658,ACC611,1983-03-29,1983,UGSS,SUI,Sukhumi Airport,,Georgia,GE,42.8582000732,41.1281013489
659,ACC612,1983-04-07,1983,PAFM,ABL,Ambler Airport,AK,United States of America,US,67.1062005555555,-157.857155833333
660,ACC613,1983-04-19,1983,UDSG,LWN,Leninakan Airport,,Armenia,AM,40.7504005432,43.8592987061
661,ACC618,1983-06-02,1983,CYYZ,YYZ,Toronto International Airport,ON,Canada,CA,43.6772003174,-79.6305999756
662,ACC621,1983-07-01,1983,DGCY,CKY,Conakry Airport,,Guinea,GN,9.57689,-13.612
663,ACC630,1983-08-28,1983,YTWB,TWB,Toowoomba Airport,QLD,Australia,AU,-27.5428009033,151.9160003662
664,ACC631,1983-09-02,1983,CYYD,YYD,Smithers Airport,BC,Canada,CA,54.8246994019,-127.1829986572
665,ACC632,1983-09-23,1983,OMAA,AUH,Abu Dhabi International Airport,,United Arab Emirates,AE,24.4330005646,54.6511001587
666,ACC633,1983-09-28,1983,RCLY,KYD,Orchid Island Airport,,Taiwan,TW,22.0270004272,121.5350036621
667,ACC634,1983-10-07,1983,SBAU,ARU,Araçatuba Airport,SP,Brazil,BR,-21.1413002014,-50.4247016907
668,ACC635,1983-10-08,1983,VYMK,MYT,Myitkyina Airport,,Myanmar,MM,25.383600235,97.3518981934
669,ACC639,1983-11-23,1983,CYLH,YLH,Lansdowne House Airport,ON,Canada,CA,52.1955986023,-87.9341964722
670,ACC640,1983-11-28,1983,DNEN,ENU,Enugu Airport,,Nigeria,NG,6.4742698669,7.5619602203
671,ACC642,1983-12-17,1983,CYPC,YPC,Paulatuk Airport,NT,Canada,CA,69.3608381154,-124.075469971
672,ACC645,1984-01-28,1984,USII,IJK,Izhevsk Airport,,Russia,RU,56.8280982971,53.4575004578
673,ACC647,1984-02-20,1984,YBPN,PPP,Prosperine Airport,QLD,Australia,AU,-20.4950008392,148.552001953
674,ACC650,1984-03-16,1984,SLSB,SRJ,San Borja Airport,,Bolivia,BO,-14.8591995239,-66.7375030518
675,ACC659,1984-07-21,1984,xxxx,TAV,Tau Airport,,American Samoa,AS,-14.3366,-170.72583
676,ACC661,1984-08-19,1984,EGGP,LPL,Liverpool International Airport,,United Kingdom,GB,53.3335990906,-2.8497200012
677,ACC663,1984-09-06,1984,AYTE,TFM,Telefomin Airstrip,,Papua New Guinea,PG,-5.1260804642,141.641921997
678,ACC664,1984-09-16,1984,EPOP,xxx,Opole/Polska Nowa Wies Airport,,Poland,PL,50.6333007812,17.7817001343
679,ACC665,1984-10-09,1984,CYWJ,YWJ,Fort Franklin Airport,NT,Canada,CA,65.2110977173,-123.4359970093
680,ACC666,1984-10-11,1984,CYYR,YYR,Goose Bay Airport,NL,Canada,CA,53.3191986084,-60.4258003235
681,ACC667,1984-10-11,1984,UNOO,OMS,Omsk Airport,,Russia,RU,54.966999054,73.3105010986
682,ACC671,1984-11-20,1984,SEZP,xxx,Zumba Airport,,Ecuador,EC,-4.82328,-79.27759
683,ACC673,1984-12-04,1984,OPKC,KHI,Karachi International Airport,,Pakistan,PK,24.9064998627,67.1607971191
684,ACC674,1984-12-04,1984,UUBI,IWA,Ivanovo Airport,,Russia,RU,56.9393997192,40.9407997131
685,ACC675,1984-12-06,1984,KTPA,TPA,Tampa International Airport,FL,United States of America,US,27.9754722222222,-82.53325
686,ACC676,1984-12-20,1984,HTDA,DAR,Dar es Salaam International Airport,,Tanzania,TZ,-6.8781099319,39.2025985718
687,ACC677,1984-12-23,1984,UIII,IKT,Irkutsk Airport,,Russia,RU,52.2680015564,104.388999939
688,ACC680,1985-01-18,1985,ZSTN,TNA,Jinan Airport,,China,CN,36.8572006226,117.216003418
689,ACC681,1985-01-23,1985,SKCL,CLO,Cali Airport,,Colombia,CO,3.54322,-76.3816
690,ACC682,1985-02-01,1985,KMIV,MIV,Millville Airport,NJ,United States of America,US,39.3678055555556,-75.0722222222222
691,ACC685,1985-02-22,1985,GAMB,MZI,Mopti Airport,,Mali,ML,14.5128002167,-4.079559803
692,ACC691,1985-05-09,1985,KRNO,RNO,Reno/Tahoe International Airport,NV,United States of America,US,39.4991111111111,-119.768111111111
693,ACC692,1985-05-31,1985,KIND,IND,Indianapolis International Airport,IN,United States of America,US,39.7173055555556,-86.2946388888889
694,ACC697,1985-07-10,1985,UWUU,UFA,Ufa Airport,,Russia,RU,54.5574989319,55.8744010925
695,ACC699,1985-08-02,1985,KDFW,DFW,Dallas/Fort Worth International Airport,TX,United States of America,US,32.8972330555556,-97.0376947222222
696,ACC700,1985-08-20,1985,PAGK,GKN,Gulkana Airport,AK,United States of America,US,62.1543347222222,-145.455291666667
697,ACC702,1985-09-04,1985,OAFR,FAH,Farah Airport,,Afghanistan,AF,32.3670005798,62.1829986572
698,ACC703,1985-09-29,1985,xxxx,xxx,Jenkinsburg,GA,United States of America,US,33.32404,-84.03474
699,ACC704,1985-10-11,1985,UGSP,xxx,Poti Airport,,Georgia,GE,42.1629024102,41.7058074474
700,ACC705,1985-10-22,1985,PAJN,JNU,Juneau International Airport,AK,United States of America,US,58.3547118055556,-134.578470527778
701,ACC707,1985-11-01,1985,PAVA,VAK,Chevak Airport,AK,United States of America,US,61.5408333333333,-165.600888888889
702,ACC709,1985-11-10,1985,KTEB,TEB,Teterboro Airport,NJ,United States of America,US,40.8501111111111,-74.0608333333333
703,ACC717,1986-02-17,1986,xxxx,xxx,Mirny Ice Station,,Antarctica,AQ,-80.41318,20.67103
704,ACC719,1986-03-02,1986,UWKB,UUA,Bugulma Airport,,Russia,RU,54.6399993896,52.801700592
705,ACC720,1986-03-20,1986,xxxx,LVD,Lime Village Airport,AK,United States of America,US,61.35559,-155.43676
706,ACC721,1986-03-24,1986,CYYR,YYR,Goose Bay Airport,NL,Canada,CA,53.3191986084,-60.4258003235
707,ACC722,1986-03-25,1986,UNOS,xxx,Omsk Severny Airport,,Russia,RU,54.9749984741,73.5550003052
708,ACC724,1986-06-10,1986,HEAX,ALY,Alexandria Airport,,Egypt,EG,31.1839008331,29.9489002228
709,ACC725,1986-06-22,1986,UKFF,SIP,Simferopol Airport,,Russia,RU,45.0522003174,33.9751014709
710,ACC726,1986-06-27,1986,KBYG,BYG,Buffalo Municipal Airport,WY,United States of America,US,44.3810833333333,-106.721805555556
711,ACC730,1986-08-28,1986,KTXK,TXK,Texarkana Municipal Airport,AR,United States of America,US,33.4537222222222,-93.9910277777778
712,ACC731,1986-09-05,1986,EDDF,FRA,Frankfurt International Airport,,Germany,DE,50.0264015198,8.543129921
713,ACC732,1986-09-20,1986,USNN,NJC,Nizhnevartovsk Airport,,Russia,RU,60.9492988586,76.4835968018
714,ACC734,1986-10-19,1986,FQMA,MPM,Maputo International Airport,,Mozambique,MZ,-25.9207992554,32.5726013184
715,ACC736,1986-10-23,1986,OPPS,PEW,Peshawar Airport,,Pakistan,PK,33.9939002991,71.5146026611
716,ACC737,1986-10-28,1986,xxxx,SPB,Saint Thomas Island Seaplane Base,,U.S. Virgin Islands,VI,18.34899,-64.93042
717,ACC741,1986-12-10,1986,KPSF,PSF,Pittsfield Airport,MA,United States of America,US,42.4276201111111,-73.2908398055555
718,ACC743,1986-12-27,1986,NFFN,NAN,Nadi International Airport,,Fiji,FJ,-17.755399704,177.4429931641
719,ACC745,1987-01-12,1987,CYTZ,YTZ,Toronto Island Airport,ON,Canada,CA,43.6274986267,-79.3962020874
720,ACC746,1987-01-15,1987,KSLC,SLC,Salt Lake City International Airport,UT,United States of America,US,40.7883933333333,-111.977773333333
721,ACC755,1987-05-11,1987,CYPL,YPL,Pickle Lake Airport,ON,Canada,CA,51.4463996887,-90.2142028809
722,ACC758,1987-05-25,1987,WABL,ILA,Ilaga Airport,,Indonesia,ID,-3.8332800865,137.5829925537
723,ACC759,1987-06-11,1987,OAKB,KBL,Kabul Airport,,Afghanistan,AF,34.5658988953,69.2123031616
724,ACC761,1987-06-21,1987,VYMS,MOG,Mong Hsat Airport,,Myanmar,MM,20.5167999268,99.2567977905
725,ACC764,1987-07-17,1987,KTVL,TVL,Lake Tahoe Airport,CA,United States of America,US,38.8938888888889,-119.995333333333
726,ACC768,1987-08-31,1987,VTSP,HKT,Phuket International Airport,,Thailand,TH,8.1132001877,98.3169021606
727,ACC770,1987-09-21,1987,HELX,LXR,Luxor Airport,,Egypt,EG,25.670999527,32.7066001892
728,ACC773,1987-10-08,1987,KCVG,CVG,Cincinnati/Northern Kentucky Airport,KY,United States of America,US,39.0488375,-84.6678208333333
729,ACC775,1987-10-15,1987,KSJC,SJC,San Jose Municipal Airport,CA,United States of America,US,37.3629947222222,-121.928620555556
730,ACC776,1987-10-19,1987,EGNM,LBA,Leeds/Bradford Airport,,United Kingdom,GB,53.8658981323,-1.6605700254
731,ACC779,1987-10-23,1987,KRNO,RNO,Reno/Tahoe International Airport,NV,United States of America,US,39.4991111111111,-119.768111111111
732,ACC780,1987-10-31,1987,xxxx,SZP,Santa Paula Airport,CA,United States of America,US,34.3470176111111,-119.061616611111
733,ACC781,1987-11-10,1987,CYDM,XRR,Ross River Airport,YT,Canada,CA,61.9706001282,-132.4230041504
734,ACC783,1987-11-23,1987,PAHO,HOM,Homer Airport,AK,United States of America,US,59.6449949722222,-151.485808416667
735,ACC784,1987-11-27,1987,NZCH,CHC,Christchurch International Airport,,New Zealand,NZ,-43.4893989563,172.5319976807
736,ACC785,1987-12-04,1987,CYBL,YBL,Campbell River Airport,BC,Canada,CA,49.9508018494,-125.2710037231
737,ACC786,1987-12-07,1987,KSFO,SFO,San Francisco International Airport,CA,United States of America,US,37.6188055555556,-122.375416666667
738,ACC789,1988-01-08,1988,KMLU,MLU,Monroe Municipal Airport,LA,United States of America,US,32.51055525,-92.0361337222222
739,ACC791,1988-01-19,1988,RCGI,GNI,Green Island Airport,,Taiwan,TW,22.6739006042,121.466003418
740,ACC793,1988-01-24,1988,USTR,TJM,Tyumen Airport,,Russia,RU,57.1896018982,65.3243026733
741,ACC794,1988-02-08,1988,EDDL,DUS,Düsseldorf Airport,,Germany,DE,51.2895011902,6.7667798996
742,ACC796,1988-02-27,1988,USRR,SGC,Surgut Airport,,Russia,RU,61.3437004089,73.401802063
743,ACC798,1988-03-31,1988,OMSJ,SHJ,Sharjah Airport,,United Arab Emirates,AE,25.3285999298,55.51720047
744,ACC799,1988-04-12,1988,FAJS,JNB,Johannesburg International Airport,,South Africa,ZA,-26.133667,28.242333
745,ACC801,1988-04-19,1988,UIUB,xxx,Bagdarin Airport,,Russia,RU,54.3692016602,113.4789962769
746,ACC803,1988-04-28,1988,PHNL,HNL,Honolulu International Airport,HI,United States of America,US,21.3178172222222,-157.9202275
747,ACC804,1988-05-06,1988,ENBN,BNN,Brønnøysund Airport,,Norway,NO,65.4610977173,12.217499733
748,ACC806,1988-05-24,1988,KMMU,MMU,Morristown Municipal Airport,NJ,United States of America,US,40.7993383333333,-74.4148886111111
749,ACC807,1988-05-26,1988,EDDV,HAJ,Hannover Airport,,Germany,DE,52.461101532,9.6850795746
750,ACC810,1988-06-12,1988,SARP,PSS,Posadas Airport,MI,Argentina,AR,-27.3858,-55.9707
751,ACC811,1988-06-16,1988,VYPT,PBU,Putao Airport,,Myanmar,MM,27.3299007416,97.4263000488
752,ACC816,1988-06-26,1988,LFSB,BSL,Basel/Mulhouse Airport,,France,FR,47.5895996094,7.5299100876
753,ACC817,1988-07-03,1988,OMDB,DXB,Dubai Airport,,United Arab Emirates,AE,25.2527999878,55.3643989563
754,ACC821,1988-07-30,1988,KCNO,CNO,Chino Airport,CA,United States of America,US,33.9747793055556,-117.636482833333
755,ACC822,1988-08-02,1988,BIRK,RKV,Reykjavík Domestic Airport,,Iceland,IS,64.1299972534,-21.9405994415
756,ACC823,1988-08-17,1988,OPRN,ISB,Islamabad International Airport,,Pakistan,PK,33.5490833333333,72.82565
757,ACC824,1988-08-26,1988,UIII,IKT,Irkutsk Airport,,Russia,RU,52.2680015564,104.388999939
758,ACC825,1988-08-26,1988,UEKK,xxx,Zhigansk Airport,,Russia,RU,53.21378,34.1832
759,ACC827,1988-08-31,1988,KSLC,SLC,Salt Lake City International Airport,UT,United States of America,US,40.7883933333333,-111.977773333333
760,ACC828,1988-08-31,1988,MMLC,LZC,Lázaro Cárdenas Airport,,Mexico,MX,18.0016994476,-102.221000671
761,ACC829,1988-09-05,1988,PAPG,PSG,Petersburg Municipal Airport,AK,United States of America,US,56.8014722222222,-132.946222222222
762,ACC830,1988-09-11,1988,KRDD,RDD,Redding Airport,CA,United States of America,US,40.5089722222222,-122.293388888889
763,ACC831,1988-09-15,1988,HAAY,ASM,Asmara International Airport,,Eritrea,ER,15.2918996811,38.9107017517
764,ACC833,1988-10-04,1988,UEBB,BQJ,Batagay Airport,,Russia,RU,67.6480026245,134.6950073242
765,ACC834,1988-10-07,1988,xxxx,xxx,Linfen Air Base,,China,CN,39.90657,116.38765
766,ACC835,1988-11-01,1988,CYPM,YPM,Pikangikum Airport,ON,Canada,CA,51.8196983337,-93.9732971191
767,ACC838,1988-11-29,1988,CYLD,YLD,Chapleau Airport,ON,Canada,CA,47.8199996948,-83.3467025757
768,ACC839,1988-11-30,1988,HLLT,TIP,Tripoli International Airport,,Libya,LY,32.6635017395,13.1590003967
769,ACC840,1988-12-13,1988,HECA,CAI,Cairo International Airport,,Egypt,EG,30.1219005585,31.4055995941
770,ACC842,1989-01-15,1989,PAKW,KLW,Klawock Airport,AK,United States of America,US,55.5792222222222,-133.076
771,ACC845,1989-02-24,1989,NZAA,AKL,Auckland International Airport,,New Zealand,NZ,-37.0080986023,174.7920074463
772,ACC846,1989-03-10,1989,CYWG,YWG,Winnipeg International Airport,MB,Canada,CA,49.9099998474,-97.2398986816
773,ACC848,1989-05-05,1989,MMCZ,CZM,Cozumel Airport,,Mexico,MX,20.5223999023,-86.9255981445
774,ACC849,1989-05-10,1989,KFMN,FMN,Farmington Municipal Airport,NM,United States of America,US,36.7412511111111,-108.229941666667
775,ACC852,1989-05-26,1989,LRBO,xxx,Boboc Air Base,,Romania,RO,45.19704,26.97426
776,ACC856,1989-06-11,1989,SKTM,TME,Tame Airport,,Colombia,CO,6.45108,-71.7603
777,ACC857,1989-06-18,1989,OAZJ,ZAJ,Zaranj Airport,,Afghanistan,AF,30.972222,61.865833
778,ACC859,1989-06-26,1989,CYVB,YVB,Bonaventure Airport,QC,Canada,CA,48.0710983276,-65.4602966309
779,ACC860,1989-06-28,1989,HCMM,MGQ,Mogadishu International Airport,,Somalia,SO,2.0144400597,45.3046989441
780,ACC861,1989-07-19,1989,UHMP,PWE,Pevek Airport,,Russia,RU,69.7833023071,170.5970001221
781,ACC863,1989-07-31,1989,NZCH,CHC,Christchurch International Airport,,New Zealand,NZ,-43.4893989563,172.5319976807
782,ACC864,1989-08-03,1989,LGSM,SMI,Samos Airport,,Greece,GR,37.6899986267,26.911699295
783,ACC865,1989-08-08,1989,NZMF,MFN,Milford Sound Airport,,New Zealand,NZ,-44.6733016968,167.9230041504
784,ACC867,1989-08-22,1989,SVPR,PZO,Puerto Ordaz Airport,,Venezuela,VE,8.2885303497,-62.7603988647
785,ACC868,1989-08-25,1989,OPRN,ISB,Islamabad International Airport,,Pakistan,PK,33.5490833333333,72.82565
786,ACC871,1989-09-15,1989,xxxx,xxx,Mayfield Graves County Airport,KY,United States of America,US,36.76309,-88.582
787,ACC873,1989-09-26,1989,CYXT,YXT,Terrace Airport,BC,Canada,CA,54.46849823,-128.5760040283
788,ACC874,1989-10-02,1989,xxxx,TDF,Roxboro/Person County Airport,NC,United States of America,US,36.39815,-78.98237
789,ACC876,1989-10-06,1989,KDTS,DSI,Destin Airport,FL,United States of America,US,30.4000547222222,-86.4714722222222
790,ACC878,1989-10-20,1989,LTAF,ADA,Adana Airport,,Turkey,TR,36.9822006226,35.2803993225
791,ACC879,1989-10-20,1989,UDSG,LWN,Leninakan Airport,,Armenia,AM,40.7504005432,43.8592987061
792,ACC881,1989-10-28,1989,PHMK,MKK,Molokai/Kaunakakai Airport,HI,United States of America,US,21.1528858333333,-157.096256111111
793,ACC883,1989-11-14,1989,ENDU,BDU,Bardufoss Airport,,Norway,NO,69.0558013916,18.5403995514
794,ACC884,1989-11-21,1989,USHS,OVS,Sovetsky Airport,,Russia,RU,61.3266220093,63.6019134521
795,ACC886,1989-11-24,1989,UAKD,DZN,Zhezhazgan Airport,,Kazakhstan,KZ,47.7083015442,67.7332992554
796,ACC887,1989-11-27,1989,xxxx,JMB,Jamba Airport,,Angola,AO,-8.81567,13.23287
797,ACC888,1989-11-28,1989,KWST,WST,Westerly State Airport,RI,United States of America,US,41.3496329722222,-71.8034168333333
798,ACC891,1990-01-13,1990,UWUU,UFA,Ufa Airport,,Russia,RU,54.5574989319,55.8744010925
799,ACC893,1990-01-17,1990,KMTJ,MTJ,Montrose County Airport,CO,United States of America,US,38.5098055555556,-107.89425
800,ACC894,1990-01-29,1990,KALB,ALB,Albany Airport,NY,United States of America,US,42.7491161111111,-73.80198
801,ACC904,1990-04-26,1990,RPVR,RXS,Roxas City Airport,,Philippines,PH,11.597700119,122.7519989014
802,ACC907,1990-04-30,1990,CYMO,YMO,Moosonee Airport,ON,Canada,CA,51.2910995483,-80.6078033447
803,ACC908,1990-05-11,1990,YMBA,MRG,Mareeba Airport,QLD,Australia,AU,-17.0692005157,145.4190063477
804,ACC909,1990-05-18,1990,RPMS,SUG,Surigao Airport,,Philippines,PH,9.7558383256,125.480947495
805,ACC917,1990-06-21,1990,CYZF,YZF,Yellowknife Airport,NT,Canada,CA,62.4627990723,-114.4400024414
806,ACC922,1990-08-13,1990,MMCZ,CZM,Cozumel Airport,,Mexico,MX,20.5223999023,-86.9255981445
807,ACC926,1990-09-11,1990,KLRU,LRU,Las Cruces Municipal Airport,NM,United States of America,US,32.2894166666667,-106.921972222222
808,ACC927,1990-09-11,1990,CYQX,YQX,Gander Airport,NL,Canada,CA,48.9369010925,-54.5680999756
809,ACC933,1991-02-01,1991,KPMD,PMD,Palmdale Airport,CA,United States of America,US,34.6293888888889,-118.084552777778
810,ACC935,1991-02-08,1991,CYYR,YYR,Goose Bay Airport,NL,Canada,CA,53.3191986084,-60.4258003235
811,ACC936,1991-02-14,1991,SETH,TSC,Taisha Airport,,Ecuador,EC,-2.3816699982,-77.5027999878
812,ACC938,1991-03-18,1991,SBBR,BSB,Brasília International Airport,DF,Brazil,BR,-15.8691673279,-47.9208335876
813,ACC940,1991-04-04,1991,CYYD,YYD,Smithers Airport,BC,Canada,CA,54.8246994019,-127.1829986572
814,ACC941,1991-04-18,1991,NTMD,NHV,Nuku Hiva Airport,,French Polynesia,PF,-8.7955999374,-140.2290039063
815,ACC943,1991-05-24,1991,OICC,KSH,Kermanshah Airport,,Iran,IR,34.3459014893,47.1581001282
816,ACC946,1991-06-19,1991,CYRC,xxx,Chicoutimi St Honoré Airport,QC,Canada,CA,48.5208015442,-71.0505981445
817,ACC948,1991-07-09,1991,SPCL,PCL,Pucallpa Airport,,Peru,PE,-8.3779401779,-74.5743026733
818,ACC950,1991-07-10,1991,KBHM,BHM,Birmingham Airport,AL,United States of America,US,33.5638888888889,-86.7523055555556
819,ACC951,1991-07-15,1991,USHS,OVS,Sovetsky Airport,,Russia,RU,61.3266220093,63.6019134521
820,ACC952,1991-08-15,1991,GABS,BKO,Bamako Airport,,Mali,ML,12.5334997177,-7.9499402046
821,ACC953,1991-08-20,1991,PAWG,WRG,Wrangell Airport,AK,United States of America,US,56.4843333333333,-132.369833333333
822,ACC954,1991-09-03,1991,WAOP,PKY,Palangkaraya Airport,,Indonesia,ID,-2.2251300812,113.9430007935
823,ACC955,1991-09-04,1991,WBGM,MUR,Marudi Airport,,Malaysia,MY,4.1789798737,114.3290023804
824,ACC957,1991-09-17,1991,UNOO,OMS,Omsk Airport,,Russia,RU,54.966999054,73.3105010986
825,ACC962,1991-10-25,1991,WAOS,SMQ,Sampit Airport,,Indonesia,ID,-2.4991900921,112.9749984741
826,ACC965,1991-11-07,1991,URML,MCX,Makhachkala Airport,,Russia,RU,42.8167991638,47.6523017883
827,ACC966,1991-11-16,1991,UUYW,VKT,Vorkuta Airport,,Russia,RU,67.4886016846,63.9930992126
828,ACC968,1991-11-26,1991,UWKB,UUA,Bugulma Airport,,Russia,RU,54.6399993896,52.801700592
829,ACC971,1991-12-22,1991,EDFE,xxx,Egelsbach Airfield,,Germany,DE,49.9599990845,8.6458330154
830,ACC978,1992-03-22,1992,UEST,IKS,Tiksi Airport,,Russia,RU,71.6977005005,128.9029998779
831,ACC982,1992-04-10,1992,RCFN,TTT,Taitung Airport,,Taiwan,TW,22.7549991608,121.1019973755
832,ACC983,1992-04-14,1992,AYGA,GKA,Goroka Airport,,Papua New Guinea,PG,-6.0816898346,145.391998291
833,ACC984,1992-04-22,1992,xxxx,xxx,Perris Valley Airport,CA,United States of America,US,33.8648,-117.25618
834,ACC986,1992-05-02,1992,xxxx,xxx,Cumuatillo Airstrip,,Mexico,MX,20.15118,-102.62335
835,ACC991,1992-06-12,1992,KMTW,MTW,Manitowoc/Newton Municipal Airport,WI,United States of America,US,44.1287777777778,-87.6805833333333
836,ACC993,1992-06-22,1992,UNOO,OMS,Omsk Airport,,Russia,RU,54.966999054,73.3105010986
837,ACC996,1992-07-13,1992,PAVA,VAK,Chevak Airport,AK,United States of America,US,61.5408333333333,-165.600888888889
