,accident_id,icao,iata,name,state,country,country_code,lat,lon
1029,ACC1003,ZSNJ,NKG,Nanjing Dajiaochang Airport,,China,CN,31.7420005798,118.8619995117
1030,ACC1004,UKCC,DOK,Donetsk Airport,,Ukraine,UA,48.073600769,37.7397003174
1031,ACC1005,GYGM,YGM,Gimli Airport,MB,Canada,CA,50.6281013489,-97.043296814
1032,ACC1006,SPQT,IQT,Iquitos Airport,,Peru,PE,-3.7847399712,-73.3087997437
1036,ACC1010,SPST,TPP,Tarapoto Airport,,Peru,PE,-6.5087399483,-76.3731994629
1039,ACC1013,KSCK,SCK,Stockton Airport,CA,United States of America,US,37.8944102777778,-121.23874
1041,ACC1015,MMPN,UPN,Uruapan Airport,,Mexico,MX,19.3966999054,-102.0390014648
1042,ACC1016,KDAY,DAY,Dayton Airport,OH,United States of America,US,39.9022522222222,-84.2194122222222
1043,ACC1017,FZOA,KND,Kindu Airport,,Democratic Republic of the Congo,CD,-2.9191799164,25.9153995514
1045,ACC1019,EGMC,SEN,Southend Municipal Airport,,United Kingdom,GB,51.5713996887,0.695555985
128,ACC102,SPRU,TRU,Trujillo Airport,,Peru,PE,-8.081410408,-79.1088027954
1046,ACC1020,xxxx,YBM,Bronson Creek Airport,BC,Canada,CA,55.73842,-120.18551
129,ACC103,UESO,CKH,Chokurdah Airport,,Russia,RU,70.6231002808,147.9019927979
1057,ACC1031,FNUE,LUO,Luena Airport,,Angola,AO,-11.7680997849,19.8976993561
1058,ACC1032,MMUN,CUN,Cancún Airport,,Mexico,MX,21.0365009308,-86.8770980835
1059,ACC1033,CZVL,xxx,Edmonton/Villeneuve Airport,AB,Canada,CA,53.6674995422,-113.853996277
1060,ACC1034,EDDK,CGN,Köln/Bonn Airport,,Germany,DE,50.8658981323,7.1427397728
130,ACC104,USCC,CEK,Chelyabinsk Airport,,Russia,RU,55.3058013916,61.5032997131
1070,ACC1044,WBGO,BKM,Ba'kelalan Airport,,Malaysia,MY,3.1500000954,115.233001709
1073,ACC1047,LGEL,xxx,Elefsis Air Base,,Greece,GR,38.0638008118,23.5559997559
1074,ACC1048,xxxx,xxx,Uchur,,Russia,RU,45.41621,43.42122
1075,ACC1049,UTOD,xxx,Khorog Airport,,Tajikistan,TJ,37.502222,71.513333
131,ACC105,UTTT,TAS,Tashkent Airport,,Uzbekistan,UZ,41.257900238,69.2811965942
1079,ACC1053,xxxx,xxx,Hut Bay,,India,IN,10.93814,92.95856
1081,ACC1055,KOKV,xxx,Winchester Regional Airport,VA,United States of America,US,39.1435277777778,-78.1444444444444
1083,ACC1057,CZSJ,ZSJ,Sandy Lake Airport,ON,Canada,CA,53.064201355,-93.3443984985
1085,ACC1059,OMDB,DXB,Dubai Airport,,United Arab Emirates,AE,25.2527999878,55.3643989563
1089,ACC1063,CYUB,YUB,Tuktoyaktuk Airport,NT,Canada,CA,69.4332962036,-133.0260009766
1096,ACC1070,LEAP,xxx,Ampuriabrava Airport,,Spain,ES,42.2599983215,3.109721899
1099,ACC1073,CYEG,YEG,Edmonton International Airport,AB,Canada,CA,53.3097000122,-113.580001831
1102,ACC1076,URWW,VOG,Volgograd Airport,,Russia,RU,48.7825012207,44.345500946
1105,ACC1079,YARM,ARM,Armidale Airport,NSW,Australia,AU,-30.5280990601,151.617004395
1106,ACC1080,xxxx,xxx,Key West Harbor,FL,United States of America,US,24.56122,-81.8014
1107,ACC1081,KGEG,GEG,Spokane International Airport,WA,United States of America,US,47.6190277777778,-117.535222222222
1108,ACC1082,HLLT,TIP,Tripoli International Airport,,Libya,LY,32.6635017395,13.1590003967
1111,ACC1085,YBWP,WEI,Weipa Airport,QLD,Australia,AU,-12.6786003113,141.925003052
1112,ACC1086,RJOB,OKJ,Okayama Airport,,Japan,JP,34.7569007874,133.854995728
1113,ACC1087,HTDA,DAR,Dar es Salaam International Airport,,Tanzania,TZ,-6.8781099319,39.2025985718
1115,ACC1089,SBIH,ITB,Itaituba Airport,PA,Brazil,BR,-4.2423400879,-56.0007019043
135,ACC109,xxxx,xxx,Sasasama Airport,,Bolivia,BO,-16.49909,-68.13379
1116,ACC1090,MMLC,LZC,Lázaro Cárdenas Airport,,Mexico,MX,18.0016994476,-102.221000671
1119,ACC1093,GQNN,NKC,Nouakchott Airport,,Mauritania,MR,18.0981998444,-15.9484996796
1122,ACC1096,KMSO,MSO,Missoula Airport,MT,United States of America,US,46.9163055555556,-114.090555555556
1123,ACC1097,LQCO,xxx,Coralici Airport,,Bosnia and Herzegovina,BA,44.98289,15.88702
1127,ACC1101,xxxx,xxx,Fish Egg Inlet,BC,Canada,CA,49.28514,-122.95352
1128,ACC1102,SNOU,FEJ,Feijó Airport,AC,Brazil,BR,-8.140832901,-70.3472213745
1129,ACC1103,UNKL,KJA,Krasnoyarsk Airport,,Russia,RU,56.1729011536,92.4933013916
1130,ACC1104,UHMG,xxx,Chaybukha,,Russia,RU,61.8349990845,160.5480041504
1132,ACC1106,URML,MCX,Makhachkala Airport,,Russia,RU,42.8167991638,47.6523017883
1133,ACC1107,UEBB,BQJ,Batagay Airport,,Russia,RU,67.6480026245,134.6950073242
1135,ACC1109,WABI,NBX,Nabire Airport,,Indonesia,ID,-3.3681800365,135.4960021973
137,ACC111,KLRD,LRD,Laredo International Airport,TX,United States of America,US,27.5441944444444,-99.4615833333333
1136,ACC1110,SPRU,TRU,Trujillo Airport,,Peru,PE,-8.081410408,-79.1088027954
1138,ACC1112,KBUR,BUR,Burbank/Glendale/Pasadena Airport,CA,United States of America,US,34.2006944444444,-118.358666666667
1139,ACC1113,AYSO,SBC,Selbang Airport,,Papua New Guinea,PG,-9.45508,147.20381
1142,ACC1116,AYTB,TBG,Tabubil Airport,,Papua New Guinea,PG,-5.2786102295,141.2259979248
1144,ACC1118,FAJS,JNB,Johannesburg International Airport,,South Africa,ZA,-26.133667,28.242333
138,ACC112,FQMA,MPM,Lourenço Marques Airport,,Mozambique,MZ,-25.9207992554,32.5726013184
1147,ACC1121,WADB,BMU,Bima Airport,,Indonesia,ID,-8.5396499634,118.68699646
1149,ACC1123,CYVR,YVR,Vancouver International Airport,BC,Canada,CA,49.193901062,-123.1839981079
1152,ACC1126,UNKL,KJA,Krasnoyarsk Airport,,Russia,RU,56.1729011536,92.4933013916
1155,ACC1129,FNCF,CFF,Cafunfo Airport,,Angola,AO,-8.7836103439,17.9897003174
1165,ACC1139,KSMF,SMF,Sacramento Metropolitan Airport,CA,United States of America,US,38.6954444444444,-121.590777777778
140,ACC114,URRR,ROV,Rostov Airport,,Russia,RU,47.2582015991,39.8180999756
1172,ACC1146,CYRL,YRL,Red Lake Airport,ON,Canada,CA,51.0668983459,-93.7930984497
1173,ACC1147,xxxx,xxx,Sibay Airport,,Russia,RU,43.44806,39.93555
1174,ACC1148,NZAA,AKL,Auckland International Airport,,New Zealand,NZ,-37.0080986023,174.7920074463
1176,ACC1150,xxxx,xxx,Herpuchi,,Russia,RU,52.98353,138.83361
1177,ACC1151,FNGI,VPE,Ondjiva Airport,,Angola,AO,-17.0435009003,15.6837997437
1178,ACC1152,MMCN,CEN,Ciudad Obregón Airport,,Mexico,MX,27.3925991058,-109.8330001831
1181,ACC1155,KELM,ELM,Elmira Regional Airport,NY,United States of America,US,42.1598561388889,-76.8917456666667
1186,ACC1160,OAKB,KBL,Kabul Airport,,Afghanistan,AF,34.5658988953,69.2123031616
1187,ACC1161,WBKK,BKI,Kota Kinabalu Airport,,Malaysia,MY,5.937210083,116.0510025024
1188,ACC1162,YSTW,TMW,Tamworth Airport,NSW,Australia,AU,-31.0839004517,150.847000122
1189,ACC1163,xxxx,xxx,Triumph Bay,BC,Canada,CA,49.28387,-123.0458
1190,ACC1164,USTR,TJM,Tyumen Airport,,Russia,RU,57.1896018982,65.3243026733
1191,ACC1165,MMIO,SLW,Saltillo Airport,,Mexico,MX,25.5494995117,-100.9290008545
1194,ACC1168,DNJO,JOS,Jos Airport,,Nigeria,NG,9.6398296356,8.8690500259
1196,ACC1170,DBBB,COO,Cotonou Airport,,Benin,BJ,6.3572301865,2.3843500614
1198,ACC1172,AYMD,MAG,Madang Airport,,Papua New Guinea,PG,-5.2070798874,145.789001465
1201,ACC1175,KDSM,DSM,Des Moines Airport,IA,United States of America,US,41.5339727777778,-93.6630722222222
144,ACC118,xxxx,xxx,Kuban State Farm Airport,,Russia,RU,55.75696,37.61502
1209,ACC1183,SPGU,xxx,Bagua Airport,,Peru,PE,-5.6347222328,-78.5305557251
145,ACC119,RPUY,CYZ,Cauayan Airport,,Philippines,PH,16.9298992157,121.752998352
1223,ACC1197,HTDA,DAR,Dar es Salaam International Airport,,Tanzania,TZ,-6.8781099319,39.2025985718
1226,ACC1200,CYDQ,YDQ,Dawson Creek Airport,BC,Canada,CA,55.7422981262,-120.1829986572
1227,ACC1201,xxxx,MYX,Menyamya Airport,,Papua New Guinea,PG,-7.2116666667,146.019361111
1229,ACC1203,EGPE,INV,Inverness Airport,,United Kingdom,GB,57.5424995422,-4.0475001335
1233,ACC1207,ZYTL,DLC,Dalian Airport,,China,CN,38.9656982422,121.5390014648
1235,ACC1209,DIYO,ASK,Yamoussoukro Airport,,Cote d'Ivoire,CI,6.9031701088,-5.3655800819
1236,ACC1210,xxxx,xxx,Bosavi Airstrip,,Papua New Guinea,PG,-9.45508,147.20381
1237,ACC1211,PAEM,EMK,Emmonak Airport,AK,United States of America,US,62.7861388888889,-164.49075
1240,ACC1214,CYFB,YFB,Iqaluit Airport,NU,Canada,CA,63.756401062,-68.5558013916
1241,ACC1215,xxxx,YBM,Bronson Creek Airport,BC,Canada,CA,55.73842,-120.18551
1243,ACC1217,xxxx,YTU,Tasu Airport,BC,Canada,CA,49.15478,-121.94969
1245,ACC1219,xxxx,xxx,Bahía Tortugas Airfield,,Mexico,MX,27.64386,-113.39289
148,ACC122,AYGA,GKA,Goroka Airport,,Papua New Guinea,PG,-6.0816898346,145.391998291
1248,ACC1222,SEMT,MEC,Manta Airport,,Ecuador,EC,-0.9460780025,-80.6788024902
1251,ACC1225,xxxx,xxx,Most Pyssa Airfield,,Russia,RU,55.75696,37.61502
1252,ACC1226,PABE,BET,Bethel Airport,AK,United States of America,US,60.7785555555556,-161.837166666667
149,ACC123,KEDW,EDW,Edwards Air Force Base,CA,United States of America,US,34.9080883888889,-117.885528527778
1261,ACC1235,PASM,xxx,St. Mary's,AK,United States of America,US,62.0608308333333,-163.301836388889
1262,ACC1236,DNJO,JOS,Jos Airport,,Nigeria,NG,9.6398296356,8.8690500259
1263,ACC1237,SBMA,MAB,Marabá Airport,PA,Brazil,BR,-5.3685898781,-49.1380004883
150,ACC124,LUKK,KIV,Chisinau Airport,,Moldova,MD,46.9277000427,28.9309997559
1268,ACC1242,URMT,STW,Stavropol Airport,,Russia,RU,45.1091995239,42.1128005981
1269,ACC1243,xxxx,NUP,Nunapitchuk Airport,AK,United States of America,US,60.90267,-162.44455
1273,ACC1247,UBBG,KVD,Gyandzha Airport,,Azerbaijan,AZ,40.738833,46.32
1275,ACC1249,KELP,ELP,El Paso International Airport,TX,United States of America,US,31.8073333333333,-106.376361111111
1278,ACC1252,FZKA,BUX,Bunia Airport,,Democratic Republic of the Congo,CD,1.5657199621,30.2208003998
1280,ACC1254,UUWV,TYA,Tula Airport,,Russia,RU,54.239,37.6
1283,ACC1257,VTSP,HKT,Phuket International Airport,,Thailand,TH,8.1132001877,98.3169021606
1290,ACC1264,KAHN,AHN,Athens Airport,GA,United States of America,US,33.9486402777778,-83.3259141666667
1294,ACC1268,KMTJ,MTJ,Montrose County Airport,CO,United States of America,US,38.5098055555556,-107.89425
153,ACC127,RPLL,MNL,Manila International Airport,,Philippines,PH,14.508600235,121.019996643
1297,ACC1271,KMSL,MSL,Muscle Shoals Airport,AL,United States of America,US,34.7453055555556,-87.6102222222222
1303,ACC1277,CYWG,YWG,Winnipeg International Airport,MB,Canada,CA,49.9099998474,-97.2398986816
1304,ACC1278,UTDD,DYU,Dushanbe Airport,,Tajikistan,TJ,38.5433006287,68.8249969482
1310,ACC1284,VYTD,SNW,Thandwe Airport,,Myanmar,MM,18.4606990814,94.3001022339
1316,ACC1290,RCPO,HSZ,Hsinchu Airport,,Taiwan,TW,24.8180007935,120.9390029907
1317,ACC1291,OAKN,KDH,Kandahar Airport,,Afghanistan,AF,31.5058002472,65.8478012085
1320,ACC1294,SPME,TBP,Tumbes Airport,,Peru,PE,-3.5525300503,-80.381401062
156,ACC130,PAMC,MCG,McGrath Airport,AK,United States of America,US,62.9527839166667,-155.607048055556
1330,ACC1304,xxxx,ERT,Erdenet Airport,,Mongolia,MN,47.71811,107.79312
1332,ACC1306,OMRK,RKT,Ras Al Khaimah International Airport,,United Arab Emirates,AE,25.6135005951,55.9388008118
1335,ACC1309,VOCC,COK,Cochin Airport,,India,IN,9.9473896027,76.2731018066
157,ACC131,BIKF,KEF,Keflavík International Airport,,Iceland,IS,63.9850006104,-22.6056003571
1342,ACC1316,HUEN,EBB,Entebbe Airport,,Uganda,UG,0.0423859991,32.4435005188
1343,ACC1317,LEMG,AGP,Málaga Airport,,Spain,ES,36.6749000549,-4.4991102219
1346,ACC1320,SVCN,CAJ,Canaima Airport,,Venezuela,VE,6.2319889069,-62.8544311523
1349,ACC1323,xxxx,PKJ,Playa Grande Airport,,Guatemala,GT,15.9975004196,-90.7416992188
1353,ACC1327,CYVR,YVR,Vancouver International Airport,BC,Canada,CA,49.193901062,-123.1839981079
1355,ACC1329,EGJB,GCI,Guernsey Airport,Channel Islands,United Kingdom,GB,49.4350013733,-2.6019699574
159,ACC133,xxxx,RWP,Rawalpindi,,Pakistan,PK,33.58874,73.04549
1356,ACC1330,KMEZ,xxx,Mena Intermountain Municipal Airport,AR,United States of America,US,34.54551175,-94.2024164722222
1358,ACC1332,CYBC,YBC,Baie Comeau Airport,QC,Canada,CA,49.1324996948,-68.2043991089
1361,ACC1335,CYVR,YVR,Vancouver International Airport,BC,Canada,CA,49.193901062,-123.1839981079
1362,ACC1336,YHID,HID,Horn Island Airport,QLD,Australia,AU,-10.586400032,142.289993286
1363,ACC1337,VNJL,JUM,Jumla Airport,,Nepal,NP,29.2742004395,82.1932983398
1364,ACC1338,AYHK,HKN,Hoskins Airport,,Papua New Guinea,PG,-5.4621701241,150.4049987793
160,ACC134,UKWW,VIN,Vinnitsa Airport,,Ukraine,UA,49.242531,28.613778
1366,ACC1340,KTPH,TPH,Tonopah Airport,NV,United States of America,US,38.0598936111111,-117.086600833333
1370,ACC1344,ZUUU,CTU,Chengdu Airport,,China,CN,30.5785007477,103.9469985962
1373,ACC1347,CYYR,YYR,Goose Bay Airport,NL,Canada,CA,53.3191986084,-60.4258003235
1380,ACC1354,xxxx,xxx,Ol Kiombo,,Kenya,KE,-1.28353,36.82379
1381,ACC1355,KDFW,DFW,Dallas/Fort Worth International Airport,TX,United States of America,US,32.8972330555556,-97.0376947222222
1383,ACC1357,xxxx,xxx,Long Haul Lake,MB,Canada,CA,50.87301,-95.38168
1395,ACC1369,RPLL,MNL,Manila International Airport,,Philippines,PH,14.508600235,121.019996643
163,ACC137,EHMZ,xxx,Midden Zeeland Airfield,,Netherlands,NL,51.5121994019,3.731110096
1403,ACC1377,CYNL,YNL,Points North Landing Airport,SK,Canada,CA,58.2766990662,-104.0820007324
164,ACC138,URRR,ROV,Rostov Airport,,Russia,RU,47.2582015991,39.8180999756
1406,ACC1380,xxxx,xxx,Estancia Las Cruces,ER,Argentina,AR,-34.6085,-58.37344
1408,ACC1382,PHOG,OGG,Kahului Airport,HI,United States of America,US,20.8986486111111,-156.430458611111
1410,ACC1384,FOOL,LBV,Libreville Airport,,Gabon,GA,0.4586000144,9.4122800827
1414,ACC1388,ZHES,ENH,Enshi Airport,,China,CN,30.3202991486,109.48500061
165,ACC139,UAFM,FRU,Frunze Airport,,Kyrgyzstan,KG,43.0612983704,74.4776000977
1417,ACC1391,VNBG,BJH,Bajhang Airport,,Nepal,NP,29.5389995575,81.1854019165
1418,ACC1392,CYZW,YZW,Teslin Airport,YT,Canada,CA,60.1727981567,-132.7429962158
1419,ACC1393,HECA,CAI,Cairo International Airport,,Egypt,EG,30.1219005585,31.4055995941
1420,ACC1394,YPPH,PER,Perth Airport,WA,Australia,AU,-31.9402999878,115.9670028687
1423,ACC1397,CYCO,YCO,Kugluktuk Airport,NU,Canada,CA,67.8167037964,-115.143997192
1426,ACC1400,LEMG,AGP,Málaga Airport,,Spain,ES,36.6749000549,-4.4991102219
1430,ACC1404,PANO,NNL,Nondalton Airport,AK,United States of America,US,59.9802302777778,-154.839174722222
1431,ACC1405,KPWM,PWM,Portland Airport,ME,United States of America,US,43.6456435,-70.3086163611111
1432,ACC1406,EGLK,BBS,Blackbushe Airport,,United Kingdom,GB,51.3238983154,-0.8475000262
1433,ACC1407,SYKT,KTO,Kato Airport,,Guyana,GY,4.6491599083,-59.8321990967
1435,ACC1409,PADU,DUT,Unalaska Airport,AK,United States of America,US,53.8989444444444,-166.545027777778
167,ACC141,PANC,ANC,Anchorage International Airport,AK,United States of America,US,61.1740847222222,-149.9981375
1436,ACC1410,SVCB,CBL,Ciudad Bolívar Airport,,Venezuela,VE,8.1221609116,-63.5369567871
1439,ACC1413,SKYP,EYP,El Yopal Airport,,Colombia,CO,5.31911,-72.384
1444,ACC1418,KLAX,LAX,Los Angeles International Airport,CA,United States of America,US,33.9424963888889,-118.408048611111
1450,ACC1424,SADF,xxx,San Fernando Airport,BA,Argentina,AR,-34.4532,-58.5896
1451,ACC1425,xxxx,xxx,Ballieston East,VIC,Australia,AU,-36.78179,145.11446
1454,ACC1428,xxxx,xxx,Srednyaya Akhtuba Airfield,,Russia,RU,48.71649,44.86757
1457,ACC1431,UUMU,CKL,Chkalovsky Airport,,Russia,RU,55.8782997131,38.0616989136
1460,ACC1434,BIKF,KEF,Keflavík International Airport,,Iceland,IS,63.9850006104,-22.6056003571
1461,ACC1435,xxxx,xxx,Kama,,Democratic Republic of the Congo,CD,-3.6457,26.66279
1463,ACC1437,GEML,MLN,Melilla Airport,,Spain,ES,35.279800415,-2.9562599659
1464,ACC1438,KEWR,EWR,Newark International Airport,NJ,United States of America,US,40.6924798333333,-74.1686867777778
1465,ACC1439,MMCT,CZA,Chichén Itzá Airport,,Mexico,MX,20.6413002014,-88.4461975098
1469,ACC1443,PADL,DLG,Dillingham Municipal Airport,AK,United States of America,US,59.0446666666667,-158.5055
1471,ACC1445,CYGO,YGO,Gods Lake Narrows Airport,MB,Canada,CA,54.5588989258,-94.4914016724
1477,ACC1451,KPIT,PIT,Pittsburgh International Airport,PA,United States of America,US,40.4914166666667,-80.2326944444444
1479,ACC1453,KLIT,LIT,Little Rock National Airport,AR,United States of America,US,34.7294413888889,-92.2247772222222
1482,ACC1456,YPAD,ADL,Adelaide Airport,SA,Australia,AU,-34.9449996948,138.5310058594
1483,ACC1457,FZKA,BUX,Bunia Airport,,Democratic Republic of the Congo,CD,1.5657199621,30.2208003998
1484,ACC1458,EDWB,BRV,Bremerhaven Airport,,Germany,DE,53.506942749,8.5727777481
1485,ACC1459,EGBB,BHX,Birmingham International Airport,,United Kingdom,GB,52.4538993835,-1.7480299473
1494,ACC1468,MUCF,CFG,Cienfuegos Airport,,Cuba,CU,22.1499996185,-80.4141998291
1504,ACC1478,DNPO,PHC,Port Harcourt Airport,,Nigeria,NG,5.0154900551,6.9495902061
1505,ACC1479,WABI,NBX,Nabire Airport,,Indonesia,ID,-3.3681800365,135.4960021973
1506,ACC1480,FABL,BFN,Bloemfontein International Airport,,South Africa,ZA,-29.0926990509,26.302400589
1516,ACC1490,VNJL,JUM,Jumla Airport,,Nepal,NP,29.2742004395,82.1932983398
1518,ACC1492,VNJS,JMO,Jomsom Airport,,Nepal,NP,28.780426,83.723
1520,ACC1494,xxxx,xxx,Poliny Osipenko,,Russia,RU,56.15178,40.41398
1521,ACC1495,ZUXC,XIC,Xichang Airport,,China,CN,27.9890995026,102.1839981079
1522,ACC1496,xxxx,xxx,Lake de l'Avion,QC,Canada,CA,45.67923,-76.20314
1530,ACC1504,xxxx,xxx,Gohu Airstrip,,Papua New Guinea,PG,-9.45508,147.20381
177,ACC151,KBTV,BTV,Burlington International Airport,VT,United States of America,US,44.471955,-73.1532761111111
1538,ACC1512,xxxx,xxx,Borki Airport,,Russia,RU,54.88211,20.58623
1541,ACC1515,xxxx,xxx,Larandia Air Base,,Colombia,CO,4.61496,-74.06942
1542,ACC1516,WABQ,LII,Mulia Airport,,Indonesia,ID,-3.7094700336,137.9759979248
1544,ACC1518,xxxx,TUY,Tulum Airport,,Mexico,MX,19.43195,-99.13315
1547,ACC1521,KSAT,SAT,San Antonio International Airport,TX,United States of America,US,29.5339583333333,-98.4690569444444
179,ACC153,UNOO,OMS,Omsk Airport,,Russia,RU,54.966999054,73.3105010986
1557,ACC1531,CYXC,YXC,Cranbrook Airport,BC,Canada,CA,49.6108016968,-115.7819976807
1559,ACC1533,SBLN,LIP,Lins Airport,SP,Brazil,BR,-21.6639995575,-49.7304992676
1563,ACC1537,CYPL,YPL,Pickle Lake Airport,ON,Canada,CA,51.4463996887,-90.2142028809
1564,ACC1538,LPFU,FNC,Funchal Airport,,Portugal,PT,32.6978988647,-16.7744998932
1565,ACC1539,KELP,ELP,El Paso International Airport,TX,United States of America,US,31.8073333333333,-106.376361111111
1567,ACC1541,KPRC,PRC,Prescott Airport,AZ,United States of America,US,34.6548333333333,-112.419222222222
1568,ACC1542,NZCH,CHC,Christchurch International Airport,,New Zealand,NZ,-43.4893989563,172.5319976807
1575,ACC1549,xxxx,xxx,Maconacon Airport,,Philippines,PH,17.38769,122.2404
1576,ACC1550,SKYP,EYP,El Yopal Airport,,Colombia,CO,5.31911,-72.384
1579,ACC1553,DBBB,COO,Cotonou Airport,,Benin,BJ,6.3572301865,2.3843500614
1583,ACC1557,UTST,TMJ,Termez Airport,,Uzbekistan,UZ,37.2867012024,67.3099975586
1584,ACC1558,CYPT,xxx,Pelee Island,ON,Canada,CA,41.7803993225,-82.6780014038
1587,ACC1561,OIBK,KIH,Kish Island Airport,,Iran,IR,26.5261993408,53.9802017212
1589,ACC1563,LWSK,SKP,Skopje Airport,,North Macedonia,MK,41.9616012573,21.6214008331
1595,ACC1569,SVCB,CBL,Ciudad Bolívar Airport,,Venezuela,VE,8.1221609116,-63.5369567871
1596,ACC1570,xxxx,xxx,Jiech,,South Sudan,SS,4.83975,31.59758
1598,ACC1572,HSSJ,JUB,Juba Airport,,South Sudan,SS,4.872010231,31.6011009216
1602,ACC1576,FOOL,LBV,Libreville Airport,,Gabon,GA,0.4586000144,9.4122800827
1608,ACC1582,KMEM,MEM,Memphis International Airport,TN,United States of America,US,35.0424113888889,-89.9766791666667
1609,ACC1583,FZNA,GOM,Goma Airport,,Democratic Republic of the Congo,CD,-1.6708099842,29.2385005951
1610,ACC1584,PAMC,MCG,McGrath Airport,AK,United States of America,US,62.9527839166667,-155.607048055556
1619,ACC1593,HSOB,EBD,El Obeid Airport,,Sudan,SD,13.1532001495,30.2327003479
1620,ACC1594,CYHZ,YHZ,Halifax International Airport,NS,Canada,CA,44.8807983398,-63.5085983276
1621,ACC1595,xxxx,XCN,Coron Airport,,Philippines,PH,9.65657,123.8523
1623,ACC1597,EGPO,SYY,Stornoway Airport,,United Kingdom,GB,58.2155990601,-6.3311100006
1632,ACC1606,UNIW,xxx,Vanavara,,Russia,RU,60.3596992493,102.3239974976
1633,ACC1607,KBGR,BGR,Bangor International Airport,ME,United States of America,US,44.8074444444444,-68.8281388888889
1640,ACC1614,KCOU,COU,Columbia Regional Airport,MO,United States of America,US,38.8177355555556,-92.2177922222222
1641,ACC1615,AYTB,TBG,Tabubil Airport,,Papua New Guinea,PG,-5.2786102295,141.2259979248
1642,ACC1616,MMTO,TLC,Toluca Airport,,Mexico,MX,19.3370990753,-99.5660018921
1643,ACC1617,SVPU,xxx,La Paragua Airport,,Venezuela,VE,6.8499999046,-63.3166656494
1645,ACC1619,KCIC,CIC,Chico Airport,CA,United States of America,US,39.7953888888889,-121.858416666667
188,ACC162,UWWW,KUF,Kuybyshev Airport,,Russia,RU,53.504901886,50.1642990112
1653,ACC1627,FZNA,GOM,Goma Airport,,Democratic Republic of the Congo,CD,-1.6708099842,29.2385005951
189,ACC163,KLAX,LAX,Los Angeles International Airport,CA,United States of America,US,33.9424963888889,-118.408048611111
1657,ACC1631,CYVR,YVR,Vancouver International Airport,BC,Canada,CA,49.193901062,-123.1839981079
1660,ACC1634,UHBP,xxx,Ekimchan,,Russia,RU,53.0760993958,132.9510040283
1671,ACC1645,DNKA,KAD,Kaduna Airport,,Nigeria,NG,10.6960000992,7.3201098442
1673,ACC1647,DNAA,ABV,Abuja International Airport,,Nigeria,NG,9.0067901611,7.2631697655
1674,ACC1648,KTWF,TWF,Twin Falls City County Airport,ID,United States of America,US,42.4818091666667,-114.487736111111
1677,ACC1651,CYAZ,YAZ,Tofino Airport,BC,Canada,CA,49.0798255464,-125.775604248
1680,ACC1654,KHLN,HLN,Helena Airport,MT,United States of America,US,46.6067222222222,-111.983277777778
1681,ACC1655,SECU,CUE,Cuenca Airport,,Ecuador,EC,-2.8894701004,-78.9843978882
1682,ACC1656,KTRM,TRM,Thermal Airport,CA,United States of America,US,33.6266705555556,-116.159654444444
1685,ACC1659,xxxx,xxx,Kozlovets,,Bulgaria,BG,43.50803,25.36324
192,ACC166,xxxx,xxx,Polson Airport,MT,United States of America,US,47.69388,-114.16339
1687,ACC1661,UDYZ,EVN,Yerevan Airport,,Armenia,AM,40.1473007202,44.3959007263
1688,ACC1662,CYVC,YVC,La Ronge Airport,SK,Canada,CA,55.1514015198,-105.2620010376
1689,ACC1663,FPST,TMS,São Tomé Island Airport,,São Tomé and Príncipe,ST,0.3781749904,6.7121500969
1693,ACC1667,xxxx,xxx,Taiynsha  Airport,,Kazakhstan,KZ,51.12771,71.4283
1694,ACC1668,VNSK,SKH,Surkhet Airport,,Nepal,NP,28.5860004425,81.6360015869
1699,ACC1673,OPMT,MUX,Multan Airport,,Pakistan,PK,30.2031993866,71.4190979004
1703,ACC1677,OIKB,BND,Bandar Abbas Airport,,Iran,IR,27.2182998657,56.3777999878
1708,ACC1682,DNAA,ABV,Abuja International Airport,,Nigeria,NG,9.0067901611,7.2631697655
1715,ACC1689,WABQ,LII,Mulia Airport,,Indonesia,ID,-3.7094700336,137.9759979248
195,ACC169,KLAX,LAX,Los Angeles International Airport,CA,United States of America,US,33.9424963888889,-118.408048611111
1718,ACC1692,CYVC,YVC,La Ronge Airport,SK,Canada,CA,55.1514015198,-105.2620010376
1720,ACC1694,LTAF,ADA,Adana Airport,,Turkey,TR,36.9822006226,35.2803993225
1723,ACC1697,MBNC,NCA,North Caicos Airport,,Turks and Caicos Islands,TC,21.9174995422,-71.9395980835
1725,ACC1699,FZNA,GOM,Goma Airport,,Democratic Republic of the Congo,CD,-1.6708099842,29.2385005951
196,ACC170,xxxx,xxx,Shelter Cove Airport,CA,United States of America,US,40.02877,-124.07225
1729,ACC1703,USRR,SGC,Surgut Airport,,Russia,RU,61.3437004089,73.401802063
1731,ACC1705,SYKT,KTO,Kato Airport,,Guyana,GY,4.6491599083,-59.8321990967
1732,ACC1706,xxxx,xxx,Walikale Airstrip,,Democratic Republic of the Congo,CD,-1.42536,28.07298
1733,ACC1707,SPON,xxx,Orellana Airport,,Peru,PE,-6.8967499733,-75.1521987915
197,ACC171,PGUM,GUM,Guam International Airport,,Guam,GU,13.4839506666667,144.797127111111
1741,ACC1715,EIMN,IIA,Inishmaan Airport,,Ireland,IE,53.0929985046,-9.5680599213
1747,ACC1721,FZRQ,KOO,Kongolo Airport,,Democratic Republic of the Congo,CD,-5.3944401741,26.9899997711
1751,ACC1725,HUEN,EBB,Entebbe Airport,,Uganda,UG,0.0423859991,32.4435005188
1753,ACC1727,KCNO,CNO,Chino Airport,CA,United States of America,US,33.9747793055556,-117.636482833333
1757,ACC1731,xxxx,xxx,Sentvid Pri Sticni Field Airport,,Slovenia,SI,45.95362,14.83864
1758,ACC1732,PHNL,HNL,Honolulu International Airport,HI,United States of America,US,21.3178172222222,-157.9202275
1759,ACC1733,FNLU,LAD,Luanda Airport,,Angola,AO,-8.8583698273,13.2312002182
1761,ACC1735,KAUG,AUG,Augusta State Airport,ME,United States of America,US,44.3206497222222,-69.7973180555556
200,ACC174,PAYA,YAK,Yakutat Airport,AK,United States of America,US,59.5033233333333,-139.660268055556
1766,ACC1740,HTMW,MWZ,Mwanza Airport,,Tanzania,TZ,-2.4444899559,32.9327011108
1767,ACC1741,LUKK,KIV,Chisinau Airport,,Moldova,MD,46.9277000427,28.9309997559
1770,ACC1744,USCC,CEK,Chelyabinsk Airport,,Russia,RU,55.3058013916,61.5032997131
1778,ACC1752,KACY,ACY,Atlantic City International Airport,NJ,United States of America,US,39.4575833333333,-74.5771666666667
1784,ACC1758,SBBU,BAU,Bauru Airport,SP,Brazil,BR,-22.3449993134,-49.0537986755
202,ACC176,xxxx,ZMD,Sena Madureira Airport,AC,Brazil,BR,-9.06961,-68.65947
1789,ACC1763,ORAA,IQA,Al Asad Air Base,,Iraq,IQ,33.7855987549,42.4412002563
1805,ACC1779,HELX,LXR,Luxor Airport,,Egypt,EG,25.670999527,32.7066001892
204,ACC178,UKFF,SIP,Simferopol Airport,,Russia,RU,45.0522003174,33.9751014709
1809,ACC1783,HUEN,EBB,Entebbe Airport,,Uganda,UG,0.0423859991,32.4435005188
1811,ACC1785,RPUT,TUG,Tuguegarao Airport,,Philippines,PH,17.6433676823,121.733150482
1812,ACC1786,SVCN,CAJ,Canaima Airport,,Venezuela,VE,6.2319889069,-62.8544311523
1813,ACC1787,KMSO,MSO,Missoula Airport,MT,United States of America,US,46.9163055555556,-114.090555555556
1814,ACC1788,UERL,ULK,Lensk Airport,,Russia,RU,60.7206001282,114.825996399
1822,ACC1796,xxxx,DEK,Dekai Airport,,Indonesia,ID,-6.96568,110.37766
1826,ACC1800,VTSG,KBV,Krabi Airport,,Thailand,TH,8.0991201401,98.9861984253
1827,ACC1801,WMBI,TPG,Taiping Airport,,Malaysia,MY,4.867000103,100.7170028687
1833,ACC1807,xxxx,xxx,Umgalala Airstrip,,Sudan,SD,15.58651,32.52318
207,ACC181,UWUU,UFA,Ufa Airport,,Russia,RU,54.5574989319,55.8744010925
1836,ACC1810,UERR,MJZ,Mirny Airport,,Russia,RU,62.5346984863,114.0390014648
1849,ACC1823,YPDN,DRW,Darwin Airport,NT,Australia,AU,-12.4146995544,130.8769989014
1852,ACC1826,OAUZ,UND,Kunduz Airport,,Afghanistan,AF,36.6651000977,68.9107971191
1855,ACC1829,xxxx,xxx,Taiynsha  Airport,,Kazakhstan,KZ,51.12771,71.4283
209,ACC183,VOTV,TRV,Trivandrum Airport,,India,IN,8.4821195602,76.9200973511
1858,ACC1832,CYKA,YKA,Kamloops Airport,BC,Canada,CA,50.7022018433,-120.4440002441
1859,ACC1833,FZBS,xxx,Semendwa Airport,,Democratic Republic of the Congo,CD,-3.1830000877,18.0830001831
210,ACC184,OPKC,KHI,Karachi International Airport,,Pakistan,PK,24.9064998627,67.1607971191
1866,ACC1840,GMTT,TNG,Tangier Airport,,Morocco,MA,35.7268981934,-5.9168901444
1876,ACC1850,KLGB,LGB,Long Beach Municipal Airport,CA,United States of America,US,33.8179297222222,-118.151890555556
1878,ACC1852,ZWKL,KRL,Korla Airport,,China,CN,41.6977996826,86.1288986206
1879,ACC1853,CYMA,YMA,Mayo Airport,YT,Canada,CA,63.6164016724,-135.8679962158
1880,ACC1854,CYXE,YXE,Saskatoon Airport,SK,Canada,CA,52.1707992554,-106.6999969482
1881,ACC1855,KROW,ROW,Roswell International Air Center Airport,NM,United States of America,US,33.2998696666667,-104.529397638889
1884,ACC1858,SAZN,NQN,Neuquén Airport,NE,Argentina,AR,-38.9490013123,-68.1557006836
1890,ACC1864,ZCFG,XPK,Pukatawagan Airport,MB,Canada,CA,55.7491989136,-101.2659988403
1894,ACC1868,CYZF,YZF,Yellowknife Airport,NT,Canada,CA,62.4627990723,-114.4400024414
1896,ACC1870,xxxx,xxx,Baranikovsky Airfield,,Russia,RU,45.34574,38.02615
1898,ACC1872,PAOO,OOK,Toksook Bay Airport,AK,United States of America,US,60.5413333333333,-165.087194444444
1899,ACC1873,WAJW,WMX,Wamena Airport,,Indonesia,ID,-4.1025099754,138.9570007324
1901,ACC1875,xxxx,xxx,Thor Lake,NT,Canada,CA,47.12725,-81.28083
1902,ACC1876,xxxx,OLH,Old Harbor Airport,AK,United States of America,US,57.20367,-153.3045
1903,ACC1877,CYZF,YZF,Yellowknife Airport,NT,Canada,CA,62.4627990723,-114.4400024414
1907,ACC1881,xxxx,xxx,Xakanaka Airstrip,,Botswana,BW,-24.65528,25.91903
1908,ACC1882,CYVR,YVR,Vancouver International Airport,BC,Canada,CA,49.193901062,-123.1839981079
1910,ACC1884,WABI,NBX,Nabire Airport,,Indonesia,ID,-3.3681800365,135.4960021973
1925,ACC1899,VNPK,PKR,Pokhara Airport,,Nepal,NP,28.2008991241,83.9821014404
216,ACC190,LEVC,VLC,Valencia Airport,,Spain,ES,39.4892997742,-0.4816249907
1928,ACC1902,KCDC,CDC,Cedar City Airport,UT,United States of America,US,37.70097,-113.098850833333
1929,ACC1903,UKKB,xxx,Borodyanka Airfield,,Ukraine,UA,50.64637,29.94203
1931,ACC1905,ZWTN,HTN,Hotan Airport,,China,CN,37.0385017395,79.8648986816
1934,ACC1908,xxxx,xxx,Bolshoe Gryzlovo Airport,,Russia,RU,54.8045,37.62952
218,ACC192,EDDW,BRE,Bremen Airport,,Germany,DE,53.0475006104,8.7866697311
1946,ACC1920,xxxx,xxx,Snow Lake Airport,MB,Canada,CA,54.87465,-100.01449
1951,ACC1925,xxxx,xxx,Coolidge Municipal Airport,AZ,United States of America,US,33.44825,-112.07581
1952,ACC1926,CYWG,YWG,Winnipeg International Airport,MB,Canada,CA,49.9099998474,-97.2398986816
1954,ACC1928,VYMD,MDL,Mandalay International Airport,,Myanmar,MM,21.7021999359,95.977897644
1955,ACC1929,UACK,KOV,Kokshetau Airport,,Kazakhstan,KZ,53.3291015625,69.5945968628
1958,ACC1932,FZVA,LJA,Lodja Airport,,Democratic Republic of the Congo,CD,-3.4170000553,23.4500007629
1959,ACC1933,PAKN,AKN,King Salmon Airport,AK,United States of America,US,58.6764934722222,-156.648691
1966,ACC1940,xxxx,xxx,Tash Kumyr Airstrip,,Kyrgyzstan,KG,41.18545,72.17616
1971,ACC1945,FTTD,MQQ,Moundou Airport,,Chad,TD,8.6244096756,16.0713996887
1977,ACC1951,FALA,HLA,Lanseria Airport,,South Africa,ZA,-25.9384994507,27.9260997772
1979,ACC1953,PASX,SXQ,Soldotna Airport,AK,United States of America,US,60.4751388888889,-151.039638888889
1983,ACC1957,BIRK,RKV,Reykjavík Domestic Airport,,Iceland,IS,64.1299972534,-21.9405994415
1988,ACC1962,xxxx,xxx,Scott Lake Lodge,SK,Canada,CA,52.36496,-108.83378
1990,ACC1964,SCNK,xxx,Los Pelambres Airport,,Chile,CL,-31.8730564117,-70.6183319092
1991,ACC1965,CYAM,YAM,Sault Ste. Marie Airport,ON,Canada,CA,46.4850006104,-84.5093994141
1992,ACC1966,TJCG,VQS,Vieques Airport,,Puerto Rico,PR,18.1348111111111,-65.4936166666667
1994,ACC1968,WBKK,BKI,Kota Kinabalu Airport,,Malaysia,MY,5.937210083,116.0510025024
1997,ACC1971,MMLT,LTO,Loreto Airport,,Mexico,MX,25.989200592,-111.3479995728
2000,ACC1974,CYXL,YXL,Sioux Lookout Airport,ON,Canada,CA,50.113899231,-91.9052963257
2002,ACC1976,KFLL,FLL,Fort Lauderdale International Airport,FL,United States of America,US,26.0716666666667,-80.1496944444444
2004,ACC1978,xxxx,KUY,Kamusi Airport,,Papua New Guinea,PG,-9.45508,147.20381
2006,ACC1980,PABE,BET,Bethel Airport,AK,United States of America,US,60.7785555555556,-161.837166666667
2007,ACC1981,FQMA,MPM,Maputo International Airport,,Mozambique,MZ,-25.9207992554,32.5726013184
2008,ACC1982,xxxx,xxx,Pikany Indian Airstrip,PA,Brazil,BR,-15.7783,-47.9291
2010,ACC1984,PHLU,LUP,Kalaupapa Airport,HI,United States of America,US,21.2110402777778,-156.973597222222
2012,ACC1986,KTUS,TUS,Tucson International Airport,AZ,United States of America,US,32.1160691666667,-110.941013888889
2014,ACC1988,SYOC,xxx,Olive Creek Airport,,Guyana,GY,6.80858,-58.16124
2017,ACC1991,VNPK,PKR,Pokhara Airport,,Nepal,NP,28.2008991241,83.9821014404
2023,ACC1997,PABE,BET,Bethel Airport,AK,United States of America,US,60.7785555555556,-161.837166666667
226,ACC200,UIII,IKT,Irkutsk Airport,,Russia,RU,52.2680015564,104.388999939
2026,ACC2000,SADF,xxx,San Fernando Airport,BA,Argentina,AR,-34.4532,-58.5896
2031,ACC2005,KHSV,HSV,Huntsville International Airport,AL,United States of America,US,34.6371969444444,-86.7750541666667
2037,ACC2011,RCKH,KHH,Kaohsiung International Airport,,Taiwan,TW,22.5771007538,120.3499984741
2039,ACC2013,DAAT,TMR,Tamanrasset Airport,,Algeria,DZ,22.8115005493,5.4510798454
2043,ACC2017,HSSJ,JUB,Juba Airport,,South Sudan,SS,4.872010231,31.6011009216
228,ACC202,SVCB,CBL,Ciudad Bolívar Airport,,Venezuela,VE,8.1221609116,-63.5369567871
2050,ACC2024,SYMD,MHA,Mahdia Airport,,Guyana,GY,5.277490139,-59.1511001587
2052,ACC2026,UAAH,BXH,Balkhash Airport,,Kazakhstan,KZ,46.8932991028,75.0049972534
2053,ACC2027,KTMB,TMB,Miami Executive Airport,FL,United States of America,US,25.6475637222222,-80.4332246111111
2060,ACC2034,CYVR,YVR,Vancouver International Airport,BC,Canada,CA,49.193901062,-123.1839981079
2063,ACC2037,LEZL,SVQ,Sevilla Airport,,Spain,ES,37.4179992676,-5.8931097984
230,ACC204,FNLU,LAD,Luanda Airport,,Angola,AO,-8.8583698273,13.2312002182
2067,ACC2041,xxxx,xxx,Kattleberg Airport,,Sweden,SE,57.98168,12.15095
2069,ACC2043,MMQT,QRO,Querétaro Intercontinental Airport,,Mexico,MX,20.6173000336,-100.185997009
2073,ACC2047,xxxx,xxx,Rudyerd Bay,AK,United States of America,US,58.29973,-134.40679
2079,ACC2053,xxxx,xxx,Stancuta Airstrip,,Romania,RO,44.89654,27.8295
2080,ACC2054,LZDB,xxx,Dubnica Airport,,Slovakia,SK,48.9968986511,18.192199707
2081,ACC2055,LZDB,xxx,Dubnica Airport,,Slovakia,SK,48.9968986511,18.192199707
232,ACC206,EDXH,HGL,Helgoland Airfield,,Germany,DE,54.1852798462,7.9158329964
2093,ACC2067,EGSG,xxx,Stapleford Airport,,United Kingdom,GB,51.6525001526,0.1558330059
2099,ACC2073,FALA,HLA,Lanseria Airport,,South Africa,ZA,-25.9384994507,27.9260997772
2100,ACC2074,CYPL,YPL,Pickle Lake Airport,ON,Canada,CA,51.4463996887,-90.2142028809
2104,ACC2078,KSLC,SLC,Salt Lake City International Airport,UT,United States of America,US,40.7883933333333,-111.977773333333
2106,ACC2080,xxxx,xxx,Sterlitamark Airfield,,Russia,RU,53.63712,55.93656
2107,ACC2081,VNPK,PKR,Pokhara Airport,,Nepal,NP,28.2008991241,83.9821014404
2109,ACC2083,VGCB,CXB,Cox's Bazar Airport,,Bangladesh,BD,21.4521999359,91.9638977051
2111,ACC2085,OMDB,DXB,Dubai Airport,,United Arab Emirates,AE,25.2527999878,55.3643989563
2116,ACC2090,AYTN,TKW,Tekin Airport,,Papua New Guinea,PG,-5.2436666667,142.165194444
2121,ACC2095,OADY,DWR,Dwyer Airport,,Afghanistan,AF,36.72539,67.205
2126,ACC2100,xxxx,xxx,Novopokrovskoye Airstrip,,Russia,RU,51.5765,43.59958
2127,ACC2101,UIII,IKT,Irkutsk Airport,,Russia,RU,52.2680015564,104.388999939
237,ACC211,EGNH,BLK,Blackpool Airport,,United Kingdom,GB,53.7717018127,-3.0286099911
2142,ACC2116,CYLW,YLW,Kelowna Airport,BC,Canada,CA,49.9561004639,-119.3779983521
2143,ACC2117,xxxx,xxx,Dunnellon/Marion County Airport,FL,United States of America,US,29.06216,-82.36858
2155,ACC2129,YSEN,xxx,Serpentine Airport,WA,Australia,AU,-32.3949661255,115.8709869385
2162,ACC2136,FQBR,BEW,Beira Airport,,Mozambique,MZ,-19.7964000702,34.9076004028
2167,ACC2141,WAKT,TMH,Tanahmerah Airport,,Indonesia,ID,-6.099219799,140.2980041504
2172,ACC2146,PAPH,PTH,Port Heiden Airport,AK,United States of America,US,56.9591011111111,-158.633361944444
2185,ACC2159,xxxx,EKE,Ekereku Airport,,Guyana,GY,6.80858,-58.16124
242,ACC216,UHSH,OHH,Okha Airport,,Russia,RU,53.5200004578,142.88999939
2190,ACC2164,xxxx,xxx,Chernoye Airport,,Russia,RU,43.44806,39.93555
243,ACC217,KALM,ALM,Alamogordo Municipal Airport,NM,United States of America,US,32.8394166666667,-105.991138888889
2197,ACC2171,UAAA,ALA,Almaty Airport,,Kazakhstan,KZ,43.3521003723,77.0404968262
2199,ACC2173,FNDU,DUE,Dundo Airport,,Angola,AO,-7.4008898735,20.8185005188
2201,ACC2175,SPCM,xxx,Contamana Airport,,Peru,PE,-7.3366699219,-74.9914016724
2205,ACC2179,UHBP,xxx,Ekimchan,,Russia,RU,53.0760993958,132.9510040283
2207,ACC2181,UHHY,xxx,Chumikan Airport,,Russia,RU,54.6959991455,135.2859954834
2212,ACC2186,EDFE,xxx,Egelsbach Airfield,,Germany,DE,49.9599990845,8.6458330154
245,ACC219,SKVV,VVC,Villavicencio Airport,,Colombia,CO,4.16787,-73.6138
2225,ACC2199,VNSK,SKH,Surkhet Airport,,Nepal,NP,28.5860004425,81.6360015869
2239,ACC2213,xxxx,xxx,Kamako Airstrip,,Democratic Republic of the Congo,CD,-4.31047,15.28932
2240,ACC2214,LSMO,xxx,Locarno Air Base,,Switzerland,CH,46.17064,8.8003
2250,ACC2224,PTPN,PNI,Pohnpei Airport,,Micronesia,FM,6.98508333333333,158.209805555556
2256,ACC2230,YCBG,xxx,Hobart Cambridge Airport,TAS,Australia,AU,-42.8266983032,147.4750061035
2261,ACC2235,CYZF,YZF,Yellowknife Airport,NT,Canada,CA,62.4627990723,-114.4400024414
250,ACC224,SVCN,CAJ,Canaima Airport,,Venezuela,VE,6.2319889069,-62.8544311523
2270,ACC2244,xxxx,xxx,Rudyerd Bay,AK,United States of America,US,58.29973,-134.40679
251,ACC225,xxxx,MZN,Minj Airport,,Papua New Guinea,PG,-9.45508,147.20381
2278,ACC2252,xxxx,xxx,Vancouver International Water Airport,BC,Canada,CA,49.9505,-119.38183
2282,ACC2256,xxxx,xxx,Fakhrabad Airfield,,Tajikistan,TJ,38.56792,68.77152
2283,ACC2257,xxxx,xxx,Rau Airstrip,YT,Canada,CA,47.21784,-66.21689
252,ACC226,HAAX,AXU,Axum Airport,,Ethiopia,ET,14.1468000412,38.7728004456
2299,ACC2273,FZNA,GOM,Goma Airport,,Democratic Republic of the Congo,CD,-1.6708099842,29.2385005951
2302,ACC2276,UAAA,ALA,Almaty Airport,,Kazakhstan,KZ,43.3521003723,77.0404968262
3,ACC2281,FAGG,GRJ,George Airport,,South Africa,ZA,-34.0055999756,22.378900528
4,ACC2282,YSRI,XRH,Richmond RAAF Base,NSW,Australia,AU,-33.6006011963,150.7810058594
255,ACC229,xxxx,xxx,Nazimovo Airstrip,,Russia,RU,58.6416,42.14508
15,ACC2293,KICT,ICT,Wichita Dwight D. Eisenhower National Airport,KS,United States of America,US,37.6499525,-97.4330427777778
19,ACC2297,HCMB,BIB,Baidoa Airport,,Somalia,SO,3.1022200584,43.6286010742
256,ACC230,YPAD,ADL,Adelaide Airport,SA,Australia,AU,-34.9449996948,138.5310058594
24,ACC2302,UWGB,xxx,Bolshoye Boldino Airport,,Russia,RU,55.0200004578,45.3149986267
26,ACC2304,xxxx,xxx,Kyren Airport,,Russia,RU,55.75696,37.61502
30,ACC2308,HSSJ,JUB,Juba Airport,,South Sudan,SS,4.872010231,31.6011009216
257,ACC231,BIKF,KEF,Keflavík International Airport,,Iceland,IS,63.9850006104,-22.6056003571
39,ACC2317,KTTD,TTD,Troutdale Airport,OR,United States of America,US,45.5493611111111,-122.40125
47,ACC2325,ZSGZ,KOW,Ganzhou Airport,,China,CN,25.825799942,114.912002563
48,ACC2326,xxxx,xxx,Pieri Airstrip,,South Sudan,SS,8.05373,32.0388
259,ACC233,HECA,CAI,Cairo International Airport,,Egypt,EG,30.1219005585,31.4055995941
60,ACC2338,xxxx,xxx,Tanay Airfield,,Russia,RU,55.75696,37.61502
260,ACC234,OPGT,GIL,Gilgit Airport,,Pakistan,PK,35.918800354,74.3336029053
66,ACC2344,KCOE,COE,Coeur d'Alene Airport/Pappy Boyington Field,ID,United States of America,US,47.7743055555556,-116.819583333333
67,ACC2345,EDWR,BMK,Borkum Airfield,,Germany,DE,53.5963897705,6.7091670036
70,ACC2348,UIII,IKT,Irkutsk Airport,,Russia,RU,52.2680015564,104.388999939
72,ACC2350,WABI,NBX,Nabire Airport,,Indonesia,ID,-3.3681800365,135.4960021973
75,ACC2353,UWKP,xxx,Menzelinsk Airport,,Russia,RU,55.29696,61.51207
79,ACC2357,HJJJ,JUB,Juba Airport,,South Sudan,SS,4.872010231,31.6011009216
80,ACC2358,UEEE,YKS,Yakutsk Airport,,Russia,RU,62.0932998657,129.7709960938
262,ACC236,CYYZ,YYZ,Toronto International Airport,ON,Canada,CA,43.6772003174,-79.6305999756
86,ACC2364,FZNA,GOM,Goma Airport,,Democratic Republic of the Congo,CD,-1.6708099842,29.2385005951
96,ACC2374,ZPPP,KMG,Kunming Changshui International Airport,,China,CN,24.9923992157,102.7440032959
98,ACC2376,KSLC,SLC,Salt Lake City International Airport,UT,United States of America,US,40.7883933333333,-111.977773333333
100,ACC2378,UKDE,OZH,Zaporozhye Airport,,Ukraine,UA,47.8670005798,35.315700531
264,ACC238,xxxx,xxx,Kazan Airport,,Russia,RU,55.78498,49.11898
103,ACC2381,VNPK,PKR,Pokhara Airport,,Nepal,NP,28.2008991241,83.9821014404
104,ACC2382,KOKB,OCN,Oceanside Municipal Airport,CA,United States of America,US,33.2179763888889,-117.3515075
265,ACC239,HECA,CAI,Cairo International Airport,,Egypt,EG,30.1219005585,31.4055995941
112,ACC2390,xxxx,xxx,Raeford West Airport,NC,United States of America,US,35.0182,-79.18943
113,ACC2391,EPPT,xxx,Piotrków Trybunalski Airport,,Poland,PL,51.3830986023,19.6882991791
114,ACC2392,xxxx,FBS,Friday Harbor Seaplane Base,WA,United States of America,US,48.53448,-123.01648
120,ACC2398,HTDA,DAR,Dar es Salaam International Airport,,Tanzania,TZ,-6.8781099319,39.2025985718
121,ACC2399,KRNT,RNT,Renton Airport,WA,United States of America,US,47.4931388888889,-122.21575
269,ACC243,UTDD,DYU,Dushanbe Airport,,Tajikistan,TJ,38.5433006287,68.8249969482
271,ACC245,UASS,PLX,Semipalatinsk Airport,,Kazakhstan,KZ,50.3512992859,80.2343978882
272,ACC246,WABI,NBX,Nabire Airport,,Indonesia,ID,-3.3681800365,135.4960021973
275,ACC249,xxxx,xxx,Elushkino Airstrip,,Russia,RU,55.68234,38.095
278,ACC252,EGGD,BRS,Bristol Airport,,United Kingdom,GB,51.3827018738,-2.7190899849
280,ACC254,UIII,IKT,Irkutsk Airport,,Russia,RU,52.2680015564,104.388999939
281,ACC255,xxxx,xxx,Casey,QC,Canada,CA,47.88852,-74.17518
282,ACC256,UWWW,KUF,Kuybyshev Airport,,Russia,RU,53.504901886,50.1642990112
284,ACC258,KEKO,EKO,Elko Airport,NV,United States of America,US,40.825,-115.791333333333
286,ACC260,LWSK,SKP,Skopje Airport,,North Macedonia,MK,41.9616012573,21.6214008331
287,ACC261,SBIH,ITB,Itaituba Airport,PA,Brazil,BR,-4.2423400879,-56.0007019043
288,ACC262,UEEE,YKS,Yakutsk Airport,,Russia,RU,62.0932998657,129.7709960938
290,ACC264,UTAT,TAZ,Dasoguz Airport,,Turkmenistan,TM,41.761100769,59.8266983032
294,ACC268,KMIA,MIA,Miami International Airport,FL,United States of America,US,25.7953611111111,-80.2901158333333
296,ACC270,URRR,ROV,Rostov Airport,,Russia,RU,47.2582015991,39.8180999756
297,ACC271,NZAA,AKL,Auckland International Airport,,New Zealand,NZ,-37.0080986023,174.7920074463
298,ACC272,VVQN,UIH,Qui Nhon Airport,,Vietnam,VN,13.9549999237,109.041999817
299,ACC273,SLTR,TDD,Trinidad Airport,,Bolivia,BO,-14.8186998367,-64.9179992676
300,ACC274,KBWI,BWI,Baltimore/Washington International Airport,MD,United States of America,US,39.1757283333333,-76.6689911111111
301,ACC275,BIKF,KEF,Keflavík International Airport,,Iceland,IS,63.9850006104,-22.6056003571
302,ACC276,USKK,KVX,Kirov Airport,,Russia,RU,58.5032997131,49.3483009338
305,ACC279,URRR,ROV,Rostov Airport,,Russia,RU,47.2582015991,39.8180999756
306,ACC280,xxxx,WTR,White River Airport,AZ,United States of America,US,33.83486,-109.96493
307,ACC281,KSAV,SAV,Savannah International Airport,GA,United States of America,US,32.1275833333333,-81.2021388888889
310,ACC284,HECA,CAI,Cairo International Airport,,Egypt,EG,30.1219005585,31.4055995941
312,ACC286,SKQU,MQU,Mariquita Airport,,Colombia,CO,5.21256,-74.8836
313,ACC287,GABS,BKO,Bamako Airport,,Mali,ML,12.5334997177,-7.9499402046
314,ACC288,SVCU,CUM,Cumaná Airport,,Venezuela,VE,10.4503326416,-64.1304702759
317,ACC291,PANC,ANC,Anchorage International Airport,AK,United States of America,US,61.1740847222222,-149.9981375
318,ACC292,PAFA,FAI,Fairbanks International Airport,AK,United States of America,US,64.8153555555556,-147.856666666667
319,ACC293,CYEG,YEG,Edmonton International Airport,AB,Canada,CA,53.3097000122,-113.580001831
320,ACC294,HASD,SXU,Soddu Airport,,Ethiopia,ET,6.8169999123,37.75
321,ACC295,HKNA,NBO,Nairobi International Airport,,Kenya,KE,-1.319239974,36.9277992249
322,ACC296,UIII,IKT,Irkutsk Airport,,Russia,RU,52.2680015564,104.388999939
325,ACC299,UTSB,BHK,Bukhara Airport,,Uzbekistan,UZ,39.7750015259,64.4832992554
326,ACC300,KSEA,SEA,Seattle/Tacoma International Airport,WA,United States of America,US,47.4498888888889,-122.311777777778
327,ACC301,DRRN,NIM,Niamey Airport,,Niger,NE,13.4814996719,2.1836099625
330,ACC304,SKNV,NVA,Neiva Airport,,Colombia,CO,2.95015,-75.294
331,ACC305,KONT,ONT,Ontario International Airport,CA,United States of America,US,34.0560141666667,-117.6011875
334,ACC308,KMDT,MDT,Harrisburg International Airport,PA,United States of America,US,40.1931916666667,-76.7626191666667
335,ACC309,KLAW,LAW,Lawton Municipal Airport,OK,United States of America,US,34.5677144444444,-98.4166366666667
336,ACC310,PAFA,FAI,Fairbanks International Airport,AK,United States of America,US,64.8153555555556,-147.856666666667
338,ACC312,xxxx,OSM,Mosul Airport,,Iraq,IQ,36.31582,43.14862
339,ACC313,SADP,EPA,El Palomar Airport,BA,Argentina,AR,-34.6099,-58.6126
343,ACC317,KHXD,HHH,Hilton Head Airport,SC,United States of America,US,32.224495,-80.6974008333333
346,ACC320,KGLE,GLE,Gainesville Municipal Airport,TX,United States of America,US,33.6521944444444,-97.1972777777778
347,ACC321,RPLP,LGP,Legazpi Airport,,Philippines,PH,13.1575,123.735
351,ACC325,UIAA,HTA,Chita Airport,,Russia,RU,52.0262985229,113.3059997559
353,ACC327,PAOM,OME,Nome Airport,AK,United States of America,US,64.5125555555556,-165.444388888889
355,ACC329,HABD,BJR,Bahar Dar Airport,,Ethiopia,ET,11.6080999374,37.3216018677
357,ACC331,CYPL,YPL,Pickle Lake Airport,ON,Canada,CA,51.4463996887,-90.2142028809
359,ACC333,CYXS,YXS,Prince George Airport,BC,Canada,CA,53.8894004822,-122.6790008545
361,ACC335,ULWW,VGD,Vologda Airport,,Russia,RU,59.2825012207,39.9444007874
362,ACC336,YBMA,ISA,Mount Isa Airport,QLD,Australia,AU,-20.6639003754,139.488998413
365,ACC339,URRR,ROV,Rostov Airport,,Russia,RU,47.2582015991,39.8180999756
367,ACC341,OLBA,BEY,Beirut International Airport,,Lebanon,LB,33.8208999634,35.4883995056
368,ACC342,MMCZ,CZM,Cozumel Airport,,Mexico,MX,20.5223999023,-86.9255981445
369,ACC343,UAFM,FRU,Frunze Airport,,Kyrgyzstan,KG,43.0612983704,74.4776000977
371,ACC345,CYIX,xxx,Port Radium,NT,Canada,CA,50.62209,-116.10322
375,ACC349,UTAA,ASB,Ashgabat Airport,,Turkmenistan,TM,37.9868011475,58.361000061
376,ACC350,PAJN,JNU,Juneau International Airport,AK,United States of America,US,58.3547118055556,-134.578470527778
377,ACC351,SAHS,RDS,Rincón de Los Sauces Airport,NE,Argentina,AR,-37.3905982971,-68.9041976929
380,ACC354,WBKL,LBU,Labuan Airport,,Malaysia,MY,5.3006801605,115.25
381,ACC355,xxxx,xxx,Angarakan Airstrip,,Russia,RU,55.75696,37.61502
382,ACC356,xxxx,xxx,Kazan Airport,,Russia,RU,55.78498,49.11898
383,ACC357,PACD,CDB,Cold Bay Airport,AK,United States of America,US,55.2059166666667,-162.72625
384,ACC358,YMAV,AVV,Avalon Airport,VIC,Australia,AU,-38.0393981934,144.468994141
388,ACC362,CYMO,YMO,Moosonee Airport,ON,Canada,CA,51.2910995483,-80.6078033447
390,ACC364,LEST,SCQ,Santiago de Compostela Airport,,Spain,ES,42.8963012695,-8.415140152
391,ACC365,URRR,ROV,Rostov Airport,,Russia,RU,47.2582015991,39.8180999756
392,ACC366,UKCC,DOK,Donetsk Airport,,Ukraine,UA,48.073600769,37.7397003174
393,ACC367,LDSP,SPU,Split Airport,,Croatia,HR,43.538898468,16.2980003357
395,ACC369,xxxx,YSX,Bella Bella/Shearwater Water Aerodrome,BC,Canada,CA,45.42178,-75.69117
397,ACC371,UKDE,OZH,Zaporozhye Airport,,Ukraine,UA,47.8670005798,35.315700531
398,ACC372,SPRU,TRU,Trujillo Airport,,Peru,PE,-8.081410408,-79.1088027954
400,ACC374,CYXS,YXS,Prince George Airport,BC,Canada,CA,53.8894004822,-122.6790008545
402,ACC376,LYBE,BEG,Beograd Airport,,Serbia,RS,44.8184013367,20.3090991974
404,ACC378,PANC,ANC,Anchorage International Airport,AK,United States of America,US,61.1740847222222,-149.9981375
405,ACC379,UTNN,NCU,Nukus Airport,,Uzbekistan,UZ,42.4883995056,59.623298645
406,ACC380,CYFB,YFB,Frobisher Bay Airport,NU,Canada,CA,63.756401062,-68.5558013916
407,ACC381,ODAA,ADE,Aden International Airport,,Yemen,YE,12.8295001984,45.0288009644
408,ACC382,xxxx,xxx,Forish Airstrip,,Uzbekistan,UZ,41.32569,69.24134
409,ACC383,UKDD,DNK,Dnepropetrovsk Airport,,Ukraine,UA,48.3572006226,35.1006011963
411,ACC385,KPHL,PHL,Philadelphia International Airport,PA,United States of America,US,39.8720838888889,-75.2406630555556
412,ACC386,KMSY,MSY,New Orleans International Airport,LA,United States of America,US,29.9932777777778,-90.2590277777778
414,ACC388,xxxx,xxx,Ayanka Airstrip,,Russia,RU,56.09659,37.78937
415,ACC389,LBWN,VAR,Varna Airport,,Bulgaria,BG,43.2321014404,27.8250999451
416,ACC390,LGEL,xxx,Elefsis Air Base,,Greece,GR,38.0638008118,23.5559997559
419,ACC393,UGSS,SUI,Sukhumi Airport,,Georgia,GE,42.8582000732,41.1281013489
420,ACC394,UERT,xxx,Vitim,,Russia,RU,59.4580001831,112.56300354
421,ACC395,HATP,TIE,Tippi Airport,,Ethiopia,ET,7.2024,35.415
422,ACC396,PARY,RBY,Ruby Airport,AK,United States of America,US,64.7272222222222,-155.469888888889
423,ACC397,xxxx,xxx,Alatna River,AK,United States of America,US,66.55811,-152.70588
425,ACC399,PAIL,ILI,Iliamna Airport,AK,United States of America,US,59.7555781111111,-154.91775225
426,ACC400,VYMS,MOG,Mong Hsat Airport,,Myanmar,MM,20.5167999268,99.2567977905
427,ACC401,PAYA,YAK,Yakutat Airport,AK,United States of America,US,59.5033233333333,-139.660268055556
429,ACC403,URRR,ROV,Rostov Airport,,Russia,RU,47.2582015991,39.8180999756
430,ACC404,LEPA,PMI,Palma de Mallorca Airport,,Spain,ES,39.551700592,2.7388100624
431,ACC405,RPLL,MNL,Manila International Airport,,Philippines,PH,14.508600235,121.019996643
432,ACC406,MMPQ,PQM,Palenque Airport,,Mexico,MX,17.5333995819,-91.9844970703
433,ACC407,PAPO,PHO,Point Hope Airport,AK,United States of America,US,68.3487722222222,-166.799261111111
434,ACC408,WMKP,PEN,Penang International Airport,,Malaysia,MY,5.2971401215,100.2770004272
435,ACC409,KSFO,SFO,San Francisco International Airport,CA,United States of America,US,37.6188055555556,-122.375416666667
436,ACC410,CYIO,YIO,Pond Inlet Airport,NU,Canada,CA,72.6832962036,-77.9666976929
439,ACC413,KPUB,PUB,Pueblo Memorial Airport,CO,United States of America,US,38.2899475,-104.498028055556
440,ACC414,PABE,BET,Bethel Airport,AK,United States of America,US,60.7785555555556,-161.837166666667
442,ACC416,SKNV,NVA,Neiva Airport,,Colombia,CO,2.95015,-75.294
444,ACC418,xxxx,RLD,Richland Airport,WA,United States of America,US,46.3056394444444,-119.304189444444
445,ACC419,CYYC,YYC,Calgary International Airport,AB,Canada,CA,51.113899231,-114.0199966431
448,ACC422,DNSO,SKO,Sokoto Airport,,Nigeria,NG,12.9162998199,5.2071900368
449,ACC423,KLAX,LAX,Los Angeles International Airport,CA,United States of America,US,33.9424963888889,-118.408048611111
456,ACC430,KLFT,LFT,Lafayette Regional Airport,LA,United States of America,US,30.2050277777778,-91.98775
457,ACC431,KMOB,MOB,Mobile Municipal Airport,AL,United States of America,US,30.6914166666667,-88.2428333333333
459,ACC433,KMEM,MEM,Memphis International Airport,TN,United States of America,US,35.0424113888889,-89.9766791666667
461,ACC435,CYYZ,YYZ,Toronto International Airport,ON,Canada,CA,43.6772003174,-79.6305999756
463,ACC437,RPVM,CEB,Cebu Airport,,Philippines,PH,10.3074998856,123.9789962769
464,ACC438,VYPP,PPU,Papun Airport,,Myanmar,MM,18.0666999817,97.449798584
465,ACC439,FVKB,KAB,Kariba Airport,,Zimbabwe,ZW,-16.5198001862,28.8850002289
466,ACC440,xxxx,xxx,Yablunivka Airstrip,,Ukraine,UA,50.45047,32.15689
468,ACC442,KLAX,LAX,Los Angeles International Airport,CA,United States of America,US,33.9424963888889,-118.408048611111
470,ACC444,URMT,STW,Stavropol Airport,,Russia,RU,45.1091995239,42.1128005981
472,ACC446,HEAX,ALY,Alexandria Airport,,Egypt,EG,31.1839008331,29.9489002228
475,ACC449,PAJN,JNU,Juneau International Airport,AK,United States of America,US,58.3547118055556,-134.578470527778
476,ACC450,UESS,CYX,Cherskiy Airport,,Russia,RU,68.7406005859,161.3379974365
477,ACC451,OPKC,KHI,Karachi International Airport,,Pakistan,PK,24.9064998627,67.1607971191
478,ACC452,UTSS,SKD,Samarkand Airport,,Uzbekistan,UZ,39.7005004883,66.9838027954
479,ACC453,MBSC,XSC,South Caicos International Airport,,Turks and Caicos Islands,TC,21.5156993866,-71.528503418
480,ACC454,xxxx,xxx,Molodezhnaya Ice Station,,Antarctica,AQ,-80.41318,20.67103
482,ACC456,UUOB,EGO,Belgorod Airport,,Russia,RU,50.6437988281,36.5900993347
484,ACC458,LFCR,RDZ,Rodez Airport,,France,FR,44.4079017639,2.4826700687
485,ACC459,FVKB,KAB,Kariba Airport,,Zimbabwe,ZW,-16.5198001862,28.8850002289
487,ACC461,NZGS,GIS,Gisborne Airport,,New Zealand,NZ,-38.6632995605,177.9779968262
488,ACC462,KLAX,LAX,Los Angeles International Airport,CA,United States of America,US,33.9424963888889,-118.408048611111
491,ACC465,UWGG,GOJ,Gorkiy Airport,,Russia,RU,56.2300987244,43.7840003967
492,ACC466,UNII,EIE,Yeniseysk Airport,,Russia,RU,58.4742012024,92.1125030518
497,ACC471,KFLL,FLL,Fort Lauderdale International Airport,FL,United States of America,US,26.0716666666667,-80.1496944444444
499,ACC473,KSJC,SJC,San Jose Municipal Airport,CA,United States of America,US,37.3629947222222,-121.928620555556
501,ACC475,OLBA,BEY,Beirut International Airport,,Lebanon,LB,33.8208999634,35.4883995056
502,ACC476,KCAK,CAK,Akron/Canton Regional Airport,OH,United States of America,US,40.9150555555556,-81.4436388888889
503,ACC477,UUOO,VOZ,Voronezh Airport,,Russia,RU,51.814201355,39.229598999
505,ACC479,UOOO,NSK,Noril'sk Airport,,Russia,RU,69.3110961914,87.3321990967
507,ACC481,CWOB,xxx,Brevoort Island Airstrip,NU,Canada,CA,45.42178,-75.69117
511,ACC485,CYQQ,YQQ,Comox Airport,BC,Canada,CA,49.7108001709,-124.8870010376
512,ACC486,PAFA,FAI,Fairbanks International Airport,AK,United States of America,US,64.8153555555556,-147.856666666667
515,ACC489,CYPL,YPL,Pickle Lake Airport,ON,Canada,CA,51.4463996887,-90.2142028809
517,ACC491,AYKM,KMA,Kerema Airport,,Papua New Guinea,PG,-7.9636101723,145.770996094
518,ACC492,xxxx,VUS,Velikij Ustyug Airport,,Russia,RU,60.7882995605,46.2599983215
519,ACC493,SAWG,RGL,Río Gallegos Internacional Airport,SC,Argentina,AR,-51.6089,-69.3126
522,ACC496,OEJD,JED,Jeddah International Airport,,Saudi Arabia,SA,21.679599762,39.15650177
523,ACC497,NZAA,AKL,Auckland International Airport,,New Zealand,NZ,-37.0080986023,174.7920074463
525,ACC499,PAOM,OME,Nome Airport,AK,United States of America,US,64.5125555555556,-165.444388888889
526,ACC500,SPCL,PCL,Pucallpa Airport,,Peru,PE,-8.3779401779,-74.5743026733
527,ACC501,FTTJ,NDJ,N'Djamena Airport,,Chad,TD,12.1337003708,15.0340003967
530,ACC504,ZUGY,KWE,Guiyang Airport,,China,CN,26.5384998322,106.8010025024
531,ACC505,UNKL,KJA,Krasnoyarsk Airport,,Russia,RU,56.1729011536,92.4933013916
534,ACC508,MUVR,VRA,Varadero Airport,,Cuba,CU,23.0344009399,-81.4353027344
535,ACC509,KPBI,PBI,West Palm Beach International Airport,FL,United States of America,US,26.6831616666667,-80.0955919444444
536,ACC510,FNUB,SDD,Lubango Airport,,Angola,AO,-14.9246997833,13.5749998093
537,ACC511,UTDL,LBD,Leninabad Airport,,Tajikistan,TJ,40.2154006958,69.6947021484
539,ACC513,KBAK,CLU,Columbus Municipal Airport,IN,United States of America,US,39.261915,-85.8963388888889
541,ACC515,MMEP,TPQ,Tepic Airport,,Mexico,MX,21.419500351,-104.8430023193
544,ACC518,PATG,TOG,Togiak Village Airport,AK,United States of America,US,59.0535555555556,-160.396777777778
550,ACC524,OERY,RUH,Riyadh International Airport,,Saudi Arabia,SA,24.7098007202,46.7252006531
556,ACC530,BIBK,BJD,Bakkafjördur Airport,,Iceland,IS,66.0218963623,-14.8243999481
560,ACC534,OEDR,DHA,Dhahran International Airport,,Saudi Arabia,SA,26.2653999329,50.1520004272
562,ACC536,OPKC,KHI,Karachi International Airport,,Pakistan,PK,24.9064998627,67.1607971191
563,ACC537,UEBB,BQJ,Batagay Airport,,Russia,RU,67.6480026245,134.6950073242
566,ACC540,MMPS,PXM,Puerto Escondido Airport,,Mexico,MX,15.8768997192,-97.0891036987
570,ACC544,xxxx,xxx,Severomuysk,,Russia,RU,56.17471,113.5783
573,ACC547,PAPN,PIP,Pilot Point Airport,AK,United States of America,US,57.5803805555556,-157.571956944444
574,ACC548,KSBA,SBA,Santa Barbara Municipal Airport,CA,United States of America,US,34.4261913611111,-119.841492694444
575,ACC549,PAEN,ENA,Kenai Airport,AK,United States of America,US,60.5732777777778,-151.244833333333
576,ACC550,PADQ,ADQ,Kodiak Airport,AK,United States of America,US,57.7497938888889,-152.493943611111
577,ACC551,HCMM,MGQ,Mogadishu International Airport,,Somalia,SO,2.0144400597,45.3046989441
578,ACC552,xxxx,xxx,Penonomé,,Panama,PA,8.51403,-80.35455
579,ACC553,SHCR,LGR,Cochrane Airport,,Chile,CL,-47.2438011169,-72.5884017944
580,ACC554,UIAA,HTA,Chita Airport,,Russia,RU,52.0262985229,113.3059997559
585,ACC559,EHRD,RTM,Rotterdam Airport,,Netherlands,NL,51.9569015503,4.4372200966
586,ACC560,UNKL,KJA,Krasnoyarsk Airport,,Russia,RU,56.1729011536,92.4933013916
594,ACC568,RPLL,MNL,Manila International Airport,,Philippines,PH,14.508600235,121.019996643
600,ACC574,ENBV,BVG,Berlevåg Airport,,Norway,NO,70.8713989258,29.0342006683
603,ACC577,EDMO,OBF,Oberpfaffenhofen Airport,,Germany,DE,48.081401825,11.2831001282
606,ACC580,KTEB,TEB,Teterboro Airport,NJ,United States of America,US,40.8501111111111,-74.0608333333333
607,ACC581,xxxx,MKX,Mukalla Airport,,Yemen,YE,14.54555,49.1281
609,ACC583,LHBS,xxx,Budaörs Airport,,Hungary,HU,47.4510993958,18.9806003571
617,ACC591,SWEI,ERN,Eirunepé Airport,AM,Brazil,BR,-6.6395301819,-69.8797988892
618,ACC592,RPMJ,JOL,Jolo Airport,,Philippines,PH,6.0536699295,121.0110015869
624,ACC598,SEZP,xxx,Zumba Airport,,Ecuador,EC,-4.82328,-79.27759
625,ACC599,SBTU,TUR,Tucurui Airport,PA,Brazil,BR,-3.7860100269,-49.7202987671
629,ACC603,KSAF,SAF,Santa Fe Airport,NM,United States of America,US,35.6171111111111,-106.089416666667
630,ACC604,URRR,ROV,Rostov Airport,,Russia,RU,47.2582015991,39.8180999756
631,ACC605,KPHL,PHL,Philadelphia International Airport,PA,United States of America,US,39.8720838888889,-75.2406630555556
633,ACC607,KSEA,SEA,Seattle/Tacoma International Airport,WA,United States of America,US,47.4498888888889,-122.311777777778
635,ACC609,OARG,URZ,Uruzgan Airport,,Afghanistan,AF,33.22818,66.9678
636,ACC610,SVMI,CCS,Caracas Airport,,Venezuela,VE,10.6031169891,-66.9905853271
637,ACC611,UGSP,xxx,Poti Airport,,Georgia,GE,42.1629024102,41.7058074474
638,ACC612,PAOM,OME,Nome Airport,AK,United States of America,US,64.5125555555556,-165.444388888889
639,ACC613,URMN,NAL,Nalchik Airport,,Russia,RU,43.5129013062,43.6366004944
644,ACC618,KDFW,DFW,Dallas/Fort Worth International Airport,TX,United States of America,US,32.8972330555556,-97.0376947222222
647,ACC621,HECA,CAI,Cairo International Airport,,Egypt,EG,30.1219005585,31.4055995941
656,ACC630,YWDH,WNR,Windorah Airport,QLD,Australia,AU,-25.4130992889,142.6670074463
657,ACC631,CYBL,YBL,Campbell River Airport,BC,Canada,CA,49.9508018494,-125.2710037231
658,ACC632,OPKC,KHI,Karachi International Airport,,Pakistan,PK,24.9064998627,67.1607971191
659,ACC633,RCFN,TTT,Taitung Airport,,Taiwan,TW,22.7549991608,121.1019973755
660,ACC634,SBCG,CGR,Campo Grande Internacional Airport,MS,Brazil,BR,-20.4687004089,-54.6725006104
661,ACC635,xxxx,xxx,Lonkin,,Myanmar,MM,19.72682,96.07529
665,ACC639,CZSJ,ZSJ,Sandy Lake Airport,ON,Canada,CA,53.064201355,-93.3443984985
666,ACC640,DNMM,LOS,Lagos/Ikeja International Airport,,Nigeria,NG,6.5773701668,3.321160078
668,ACC642,CYEV,YEV,Inuvik/Mike Zubko Airport,NT,Canada,CA,68.3041992188,-133.483001709
671,ACC645,UWWW,KUF,Kuybyshev Airport,,Russia,RU,53.504901886,50.1642990112
673,ACC647,YBTL,TSV,Townsville Airport,QLD,Australia,AU,-19.2525005341,146.7649993896
676,ACC650,SLTR,TDD,Trinidad Airport,,Bolivia,BO,-14.8186998367,-64.9179992676
685,ACC659,NSTU,PPG,Pago Pago International Airport,,American Samoa,AS,-14.3316622222222,-170.711503055556
687,ACC661,EGNX,EMA,East Midlands Airport,,United Kingdom,GB,52.8311004639,-1.3280600309
689,ACC663,AYTB,TBG,Tabubil Airport,,Papua New Guinea,PG,-5.2786102295,141.2259979248
690,ACC664,EPOP,xxx,Opole/Polska Nowa Wies Airport,,Poland,PL,50.6333007812,17.7817001343
691,ACC665,CZFN,ZFN,Tulita Airport,NT,Canada,CA,64.9096984863,-125.5729980469
692,ACC666,CYAY,YAY,St. Anthony Airport,NL,Canada,CA,51.3918991089,-56.0830993652
693,ACC667,URKK,KRR,Krasnodar Airport,,Russia,RU,45.0346984863,39.170501709
697,ACC671,SELO,LOH,Loja Airport,,Ecuador,EC,-3.9958899021,-79.3719024658
699,ACC673,OMDB,DXB,Dubai Airport,,United Arab Emirates,AE,25.2527999878,55.3643989563
700,ACC674,UUBA,KMW,Kostroma Airport,,Russia,RU,57.7969017029,41.0194015503
701,ACC675,KJAX,JAX,Jacksonville International Airport,FL,United States of America,US,30.4940455555556,-81.6878466666667
702,ACC676,HTDA,DAR,Dar es Salaam International Airport,,Tanzania,TZ,-6.8781099319,39.2025985718
703,ACC677,UNKL,KJA,Krasnoyarsk Airport,,Russia,RU,56.1729011536,92.4933013916
706,ACC680,ZSNJ,NKG,Nanjing Dajiaochang Airport,,China,CN,31.7420005798,118.8619995117
707,ACC681,SKNV,NVA,Neiva Airport,,Colombia,CO,2.95015,-75.294
708,ACC682,xxxx,xxx,Ridgeland Airport,SC,United States of America,US,32.49436,-80.98997
711,ACC685,GATB,TOM,Tombouctou Airport,,Mali,ML,16.7304992676,-3.0075800419
717,ACC691,KLWT,LWT,Lewistown Municipal Airport,MT,United States of America,US,47.04925,-109.466694444444
718,ACC692,KBNA,BNA,Nashville Metropolitan Airport,TN,United States of America,US,36.124475,-86.6781805555556
723,ACC697,UTSL,KSQ,Karshi Airport,,Uzbekistan,UZ,38.8335990906,65.9215011597
725,ACC699,KFLL,FLL,Fort Lauderdale International Airport,FL,United States of America,US,26.0716666666667,-80.1496944444444
726,ACC700,PANC,ANC,Anchorage International Airport,AK,United States of America,US,61.1740847222222,-149.9981375
728,ACC702,OAKN,KDH,Kandahar Airport,,Afghanistan,AF,31.5058002472,65.8478012085
729,ACC703,xxxx,xxx,Jenkinsburg,GA,United States of America,US,33.32404,-84.03474
730,ACC704,UGKO,KUT,Kutaisi Airport,,Georgia,GE,42.176700592,42.4826011658
731,ACC705,PANC,ANC,Anchorage International Airport,AK,United States of America,US,61.1740847222222,-149.9981375
733,ACC707,PABE,BET,Bethel Airport,AK,United States of America,US,60.7785555555556,-161.837166666667
735,ACC709,KMMU,MMU,Morristown Municipal Airport,NJ,United States of America,US,40.7993383333333,-74.4148886111111
743,ACC717,xxxx,xxx,Molodezhnaya Ice Station,,Antarctica,AQ,-80.41318,20.67103
745,ACC719,UWKS,CSY,Cheboksary Airport,,Russia,RU,56.0903015137,47.3473014832
746,ACC720,PAAQ,PAQ,Palmer Municipal Airport,AK,United States of America,US,61.5949166666667,-149.088722222222
747,ACC721,xxxx,xxx,Snegamook Lake,NL,Canada,CA,54.1105,-112.47574
748,ACC722,UGGG,TBS,Tbilisi Airport,,Georgia,GE,41.6692008972,44.95470047
750,ACC724,HECA,CAI,Cairo International Airport,,Egypt,EG,30.1219005585,31.4055995941
751,ACC725,UWPP,PEZ,Penza Airport,,Russia,RU,53.1105995178,45.0210990906
752,ACC726,KBYG,BYG,Buffalo Municipal Airport,WY,United States of America,US,44.3810833333333,-106.721805555556
756,ACC730,KLIT,LIT,Little Rock National Airport,AR,United States of America,US,34.7294413888889,-92.2247772222222
757,ACC731,OPKC,KHI,Karachi International Airport,,Pakistan,PK,24.9064998627,67.1607971191
758,ACC732,UWUU,UFA,Ufa Airport,,Russia,RU,54.5574989319,55.8744010925
760,ACC734,FLBA,MMQ,Mbala Airport,,Zambia,ZM,-8.85916996,31.3363990784
762,ACC736,OPLA,LHE,Lahore Airport,,Pakistan,PK,31.5216007233,74.4036026001
763,ACC737,xxxx,SSB,Christiansted Harbor Seaplane Base,Saint Croix,U.S. Virgin Islands,VI,17.74672,-64.70418
767,ACC741,xxxx,xxx,Elyria Airport,OH,United States of America,US,41.62239,-83.63362
769,ACC743,NFNS,SVU,Savusavu Airport,,Fiji,FJ,-16.8027992249,179.341003418
771,ACC745,CYSN,YCM,St. Catharines Airport,ON,Canada,CA,43.1916999817,-79.1716995239
772,ACC746,KPIH,PIH,Pocatello Airport,ID,United States of America,US,42.9097925,-112.595918888889
781,ACC755,CYTL,YTL,Big Trout Airport,ON,Canada,CA,53.8177986145,-89.8968963623
784,ACC758,WAJW,WMX,Wamena Airport,,Indonesia,ID,-4.1025099754,138.9570007324
785,ACC759,OAKN,KDH,Kandahar Airport,,Afghanistan,AF,31.5058002472,65.8478012085
787,ACC761,VYHH,HEH,Heho Airport,,Myanmar,MM,20.7469997406,96.7919998169
790,ACC764,KHWD,HWD,Hayward Air Terminal,CA,United States of America,US,37.6589285277778,-122.121737166667
794,ACC768,VTSS,HDY,Hat Yai Airport,,Thailand,TH,6.9332098961,100.392997742
796,ACC770,HECA,CAI,Cairo International Airport,,Egypt,EG,30.1219005585,31.4055995941
799,ACC773,KMEM,MEM,Memphis International Airport,TN,United States of America,US,35.0424113888889,-89.9766791666667
801,ACC775,KRIU,xxx,Rancho Murieta,CA,United States of America,US,38.4867777777778,-121.102777777778
802,ACC776,EGNV,MME,Teesside International Airport,,United Kingdom,GB,54.5092010498,-1.4294099808
805,ACC779,KOAK,OAK,Oakland International Airport,CA,United States of America,US,37.72125,-122.221138888889
806,ACC780,KELP,ELP,El Paso International Airport,TX,United States of America,US,31.8073333333333,-106.376361111111
807,ACC781,CYYE,YYE,Fort Nelson Airport,BC,Canada,CA,58.8363990784,-122.5970001221
809,ACC783,PADQ,ADQ,Kodiak Airport,AK,United States of America,US,57.7497938888889,-152.493943611111
810,ACC784,NZWN,WLG,Wellington International Airport,,New Zealand,NZ,-41.3272018433,174.804992676
811,ACC785,CYBD,QBC,Bella Coola Airport,BC,Canada,CA,52.3875007629,-126.5960006714
812,ACC786,KLAX,LAX,Los Angeles International Airport,CA,United States of America,US,33.9424963888889,-118.408048611111
815,ACC789,KMEM,MEM,Memphis International Airport,TN,United States of America,US,35.0424113888889,-89.9766791666667
817,ACC791,RCFN,TTT,Taitung Airport,,Taiwan,TW,22.7549991608,121.1019973755
819,ACC793,USNN,NJC,Nizhnevartovsk Airport,,Russia,RU,60.9492988586,76.4835968018
820,ACC794,EDDV,HAJ,Hannover Airport,,Germany,DE,52.461101532,9.6850795746
822,ACC796,USTR,TJM,Tyumen Airport,,Russia,RU,57.1896018982,65.3243026733
824,ACC798,HECA,CAI,Cairo International Airport,,Egypt,EG,30.1219005585,31.4055995941
825,ACC799,FABL,BFN,Bloemfontein International Airport,,South Africa,ZA,-29.0926990509,26.302400589
827,ACC801,xxxx,xxx,Muya Airport,,Russia,RU,68.78489,32.7596
829,ACC803,PHTO,ITO,Hilo International Airport,HI,United States of America,US,19.720263,-155.048470138889
830,ACC804,ENNM,OSY,Namsos Airport,,Norway,NO,64.4721984863,11.5785999298
832,ACC806,KTEB,TEB,Teterboro Airport,NJ,United States of America,US,40.8501111111111,-74.0608333333333
833,ACC807,EKBI,BLL,Billund Airport,,Denmark,DK,55.7402992249,9.1517801285
836,ACC810,SARE,RES,Resistencia Airport,CH,Argentina,AR,-27.45,-59.0561
837,ACC811,VYMK,MYT,Myitkyina Airport,,Myanmar,MM,25.383600235,97.3518981934
842,ACC816,LFSB,BSL,Basel/Mulhouse Airport,,France,FR,47.5895996094,7.5299100876
843,ACC817,OIKB,BND,Bandar Abbas Airport,,Iran,IR,27.2182998657,56.3777999878
847,ACC821,KTUS,TUS,Tucson International Airport,AZ,United States of America,US,32.1160691666667,-110.941013888889
848,ACC822,BGBW,UAK,Narsarsuaq Airport,,Greenland,GL,61.1604995728,-45.4259986877
849,ACC823,OPBW,BHV,Bahawalpur Airport,,Pakistan,PK,29.3481006622,71.7180023193
850,ACC824,UIKK,KCK,Kirensk Airport,,Russia,RU,57.7729988098,108.0640029907
851,ACC825,UEKK,xxx,Zhigansk Airport,,Russia,RU,53.21378,34.1832
853,ACC827,KDFW,DFW,Dallas/Fort Worth International Airport,TX,United States of America,US,32.8972330555556,-97.0376947222222
854,ACC828,MMPN,UPN,Uruapan Airport,,Mexico,MX,19.3966999054,-102.0390014648
855,ACC829,PASI,SIT,Sitka Airport,AK,United States of America,US,57.0468343611111,-135.361068694444
856,ACC830,KJAC,JAC,Jackson Hole Airport,WY,United States of America,US,43.6073333333333,-110.73775
857,ACC831,HABD,BJR,Bahar Dar Airport,,Ethiopia,ET,11.6080999374,37.3216018677
859,ACC833,UEST,IKS,Tiksi Airport,,Russia,RU,71.6977005005,128.9029998779
860,ACC834,xxxx,xxx,Linfen Air Base,,China,CN,39.90657,116.38765
861,ACC835,CYRL,YRL,Red Lake Airport,ON,Canada,CA,51.0668983459,-93.7930984497
864,ACC838,CYTS,YTS,Timmins Airport,ON,Canada,CA,48.5696983337,-81.376701355
865,ACC839,xxxx,xxx,Hamada al Hamra Airfield,,Libya,LY,32.89534,13.18104
866,ACC840,HTDA,DAR,Dar es Salaam International Airport,,Tanzania,TZ,-6.8781099319,39.2025985718
868,ACC842,xxxx,WFB,Ketchikan Harbor Seaplane Base,AK,United States of America,US,56.01194,-132.82861
871,ACC845,PHNL,HNL,Honolulu International Airport,HI,United States of America,US,21.3178172222222,-157.9202275
872,ACC846,CYHD,YHD,Dryden Municipal Airport,ON,Canada,CA,49.8316993713,-92.7442016602
874,ACC848,MMCT,CZA,Chichén Itzá Airport,,Mexico,MX,20.6413002014,-88.4461975098
875,ACC849,KSMO,SMO,Santa Monica Airport,CA,United States of America,US,34.0158219444444,-118.451306111111
878,ACC852,LRBO,xxx,Boboc Air Base,,Romania,RO,45.19704,26.97426
882,ACC856,SKYP,EYP,El Yopal Airport,,Colombia,CO,5.31911,-72.384
883,ACC857,OAKB,KBL,Kabul Airport,,Afghanistan,AF,34.5658988953,69.2123031616
885,ACC859,CYVB,YVB,Bonaventure Airport,QC,Canada,CA,48.0710983276,-65.4602966309
886,ACC860,HCMH,HGA,Hargeisa Airport,,Somalia,SO,9.5181703568,44.0887985229
887,ACC861,UHMI,xxx,Mys Shmidta Airport,,Russia,RU,68.8683013916,-179.3730010986
889,ACC863,NZAA,AKL,Auckland International Airport,,New Zealand,NZ,-37.0080986023,174.7920074463
890,ACC864,LGTS,SKG,Thessaloniki International Airport,,Greece,GR,40.5196990967,22.9708995819
891,ACC865,NZWF,WKA,Wanaka Airport,,New Zealand,NZ,-44.7221984863,169.2460021973
893,ACC867,SVPR,PZO,Puerto Ordaz Airport,,Venezuela,VE,8.2885303497,-62.7603988647
894,ACC868,OPGT,GIL,Gilgit Airport,,Pakistan,PK,35.918800354,74.3336029053
897,ACC871,KORL,ORL,Orlando Executive Airport,FL,United States of America,US,28.5454616666667,-81.33293
899,ACC873,CYVR,YVR,Vancouver International Airport,BC,Canada,CA,49.193901062,-123.1839981079
900,ACC874,KTPA,TPA,Tampa International Airport,FL,United States of America,US,27.9754722222222,-82.53325
902,ACC876,xxxx,xxx,Uncertain,TX,United States of America,US,32.70703,-94.12094
904,ACC878,LTAF,ADA,Adana Airport,,Turkey,TR,36.9822006226,35.2803993225
905,ACC879,UWLL,ULV,Ulyanovsk/Baratayevka Airport,,Russia,RU,54.2682991028,48.2266998291
907,ACC881,PHOG,OGG,Kahului Airport,HI,United States of America,US,20.8986486111111,-156.430458611111
909,ACC883,ENTC,TOS,Tromsø/Langnes Airport,,Norway,NO,69.6832962036,18.9188995361
910,ACC884,USPP,PEE,Perm Airport,,Russia,RU,57.9145011902,56.0211982727
912,ACC886,UADD,DMB,Dzhambul Airport,,Kazakhstan,KZ,42.8535995483,71.3035964966
913,ACC887,FZSA,KMN,Kamina Airport,,Democratic Republic of the Congo,CD,-8.6420202255,25.2528991699
914,ACC888,KBID,BID,Block Island Airport,RI,United States of America,US,41.1681111111111,-71.5778333333333
917,ACC891,USTR,TJM,Tyumen Airport,,Russia,RU,57.1896018982,65.3243026733
919,ACC893,KDEN,DEN,Denver International Airport,CO,United States of America,US,39.8616666666667,-104.673166666667
920,ACC894,KBTV,BTV,Burlington International Airport,VT,United States of America,US,44.471955,-73.1532761111111
930,ACC904,RPLL,MNL,Manila International Airport,,Philippines,PH,14.508600235,121.019996643
933,ACC907,CYTS,YTS,Timmins Airport,ON,Canada,CA,48.5696983337,-81.376701355
934,ACC908,YBPN,PPP,Prosperine Airport,QLD,Australia,AU,-20.4950008392,148.552001953
935,ACC909,RPLL,MNL,Manila International Airport,,Philippines,PH,14.508600235,121.019996643
943,ACC917,xxxx,xxx,Thistle Lake,NT,Canada,CA,45.42178,-75.69117
948,ACC922,MKJP,KIN,Kingston Airport,,Jamaica,JM,17.9356994629,-76.7874984741
952,ACC926,KABQ,ABQ,Albuquerque International Airport,NM,United States of America,US,35.0389315555556,-106.608262166667
953,ACC927,BIKF,KEF,Keflavík International Airport,,Iceland,IS,63.9850006104,-22.6056003571
959,ACC933,KLAX,LAX,Los Angeles International Airport,CA,United States of America,US,33.9424963888889,-118.408048611111
961,ACC935,CYDP,YDP,Nain Airport,NL,Canada,CA,56.5491981506,-61.6803016663
962,ACC936,SEMC,XMS,Macas Airport,,Ecuador,EC,-2.2991700172,-78.1207962036
964,ACC938,SBUR,UBA,Uberaba Airport,MG,Brazil,BR,-19.7647228241,-47.9661102295
966,ACC940,xxxx,YTC,Sturdee Airport,BC,Canada,CA,49.15478,-121.94969
967,ACC941,NTMN,HIX,Hiva Oa Airport,,French Polynesia,PF,-9.7687902451,-139.0110015869
969,ACC943,EDDK,CGN,Köln/Bonn Airport,,Germany,DE,50.8658981323,7.1427397728
972,ACC946,CYRC,xxx,Chicoutimi St Honoré Airport,QC,Canada,CA,48.5208015442,-71.0505981445
974,ACC948,SPBL,BLP,Bellavista Airport,,Peru,PE,-7.0605602264,-76.5821990967
976,ACC950,KMOB,MOB,Mobile Municipal Airport,AL,United States of America,US,30.6914166666667,-88.2428333333333
977,ACC951,USHU,URJ,Uraj Airport,,Russia,RU,60.1032981873,64.8266983032
978,ACC952,DNKN,KAN,Kano International Airport,,Nigeria,NG,12.0475997925,8.5246200562
979,ACC953,PAKT,KTN,Ketchikan International Airport,AK,United States of America,US,55.3540833333333,-131.711222222222
980,ACC954,WAOS,SMQ,Sampit Airport,,Indonesia,ID,-2.4991900921,112.9749984741
981,ACC955,WBGZ,BBN,Bario Airport,,Malaysia,MY,3.7338900566,115.4789962769
983,ACC957,UERL,ULK,Lensk Airport,,Russia,RU,60.7206001282,114.825996399
988,ACC962,WAOP,PKY,Palangkaraya Airport,,Indonesia,ID,-2.2251300812,113.9430007935
991,ACC965,URWI,ESL,Elista Airport,,Russia,RU,46.3739013672,44.3308982849
992,ACC966,UUWR,RZN,Ryazan Airport,,Russia,RU,54.5559005737,39.8552017212
994,ACC968,USNN,NJC,Nizhnevartovsk Airport,,Russia,RU,60.9492988586,76.4835968018
997,ACC971,EDFE,xxx,Egelsbach Airfield,,Germany,DE,49.9599990845,8.6458330154
1004,ACC978,UESO,CKH,Chokurdah Airport,,Russia,RU,70.6231002808,147.9019927979
1008,ACC982,RCLY,KYD,Orchid Island Airport,,Taiwan,TW,22.0270004272,121.5350036621
1009,ACC983,AYMD,MAG,Madang Airport,,Papua New Guinea,PG,-5.2070798874,145.789001465
1010,ACC984,xxxx,xxx,Perris Valley Airport,CA,United States of America,US,33.8648,-117.25618
1012,ACC986,SKCL,CLO,Cali Airport,,Colombia,CO,3.54322,-76.3816
1017,ACC991,KSBM,SBM,Sheboygan Memorial Airport,WI,United States of America,US,43.7697777777778,-87.8517222222222
1019,ACC993,UOII,IAA,Igarka Airport,,Russia,RU,67.4372024536,86.6219024658
1022,ACC996,PABE,BET,Bethel Airport,AK,United States of America,US,60.7785555555556,-161.837166666667
